date,y,year,month,quarter,day_of_week,week_of_year,is_weekend,lag_1,lag_2,lag_3,lag_4,lag_8,lag_12,rolling_mean_3,rolling_std_3,rolling_mean_6,rolling_std_6,rolling_mean_12,rolling_std_12,diff_1,diff_12,pct_change_1,pct_change_12,month_sin,month_cos,quarter_sin,quarter_cos
2010-01-01,621.1633663366337,2010,1,1,4,53,0,,,,,,,,,,,,,,,,,0.49999999999999994,0.8660254037844387,1.0,6.123233995736766e-17
2010-02-01,563.1881188118812,2010,2,1,0,5,0,621.1633663366337,,,,,,,,,,,,-57.97524752475249,,-0.09333333333333338,,0.8660254037844386,0.5000000000000001,1.0,6.123233995736766e-17
2010-03-01,646.009900990099,2010,3,1,0,9,0,563.1881188118812,621.1633663366337,,,,,610.1204620462046,42.50083766432991,,,,,82.82178217821786,,0.1470588235294119,,1.0,6.123233995736766e-17,1.0,6.123233995736766e-17
2010-04-01,596.3168316831683,2010,4,2,3,13,0,646.009900990099,563.1881188118812,621.1633663366337,,,,601.8382838283828,41.68604953864016,,,,,-49.69306930693074,,-0.07692307692307698,,0.8660254037844387,-0.49999999999999983,1.2246467991473532e-16,-1.0
2010-05-01,621.1633663366337,2010,5,2,5,17,1,596.3168316831683,646.009900990099,563.1881188118812,621.1633663366337,,,621.1633663366337,24.84653465346536,,,,,24.84653465346537,,0.04166666666666674,,0.49999999999999994,-0.8660254037844387,1.2246467991473532e-16,-1.0
2010-06-01,662.5742574257425,2010,6,2,1,22,0,621.1633663366337,596.3168316831683,646.009900990099,563.1881188118812,,,626.6848184818482,33.472024764751,618.4026402640264,35.39763309667536,,,41.41089108910887,,0.06666666666666665,,1.2246467991473532e-16,-1.0,1.2246467991473532e-16,-1.0
2010-07-01,679.1386138613861,2010,7,3,3,26,0,662.5742574257425,621.1633663366337,596.3168316831683,646.009900990099,,,654.2920792079208,29.86181823688736,628.0651815181518,43.32669108916442,,,16.564356435643617,,0.025000000000000133,,-0.4999999999999998,-0.8660254037844388,-1.0,-1.8369701987210297e-16
2010-08-01,703.9851485148515,2010,8,3,6,30,1,679.1386138613861,662.5742574257425,621.1633663366337,596.3168316831683,,,681.8993399339934,20.843024769320106,651.5313531353136,39.08158559953658,,,24.84653465346537,,0.03658536585365857,,-0.8660254037844384,-0.5000000000000004,-1.0,-1.8369701987210297e-16
2010-09-01,687.4207920792079,2010,9,3,2,35,0,703.9851485148515,679.1386138613861,662.5742574257425,621.1633663366337,621.1633663366337,,690.1815181518153,12.651236200760962,658.4331683168317,41.49363021473576,,,-16.564356435643617,,-0.02352941176470591,,-1.0,-1.8369701987210297e-16,-1.0,-1.8369701987210297e-16
2010-10-01,728.8316831683168,2010,10,4,4,39,0,687.4207920792079,703.9851485148515,679.1386138613861,662.5742574257425,563.1881188118812,,706.7458745874587,20.84302476932003,680.5189768976898,36.82233212188645,,,41.41089108910887,,0.06024096385542155,,-0.8660254037844386,0.5000000000000001,-2.4492935982947064e-16,1.0
2010-11-01,869.6287128712871,2010,11,4,0,44,0,728.8316831683168,687.4207920792079,703.9851485148515,679.1386138613861,646.009900990099,,761.960396039604,95.51473871724875,721.9298679867985,75.80191692119182,,,140.79702970297035,,0.19318181818181834,,-0.5000000000000004,0.8660254037844384,-2.4492935982947064e-16,1.0
2010-12-01,985.579207920792,2010,12,4,2,48,0,869.6287128712871,728.8316831683168,687.4207920792079,703.9851485148515,596.3168316831683,,861.3465346534653,128.57398151902487,775.7640264026403,124.36144041714819,697.0833333333334,119.80348264772879,115.95049504950487,,0.1333333333333333,,-2.4492935982947064e-16,1.0,-2.4492935982947064e-16,1.0
2011-01-01,643.3663366336633,2011,1,1,5,52,1,985.579207920792,869.6287128712871,728.8316831683168,687.4207920792079,621.1633663366337,621.1633663366337,832.8580858085808,174.04445288369203,769.8019801980198,130.62024441169754,698.9335808580857,118.69066454619426,-342.2128712871287,22.20297029702965,-0.3472200595719459,0.0357441721458458,0.49999999999999994,0.8660254037844387,1.0,6.123233995736766e-17
2011-02-01,583.3188118811881,2011,2,1,1,5,0,643.3663366336633,985.579207920792,869.6287128712871,728.8316831683168,662.5742574257425,563.1881188118812,737.4214521452145,216.99799566102712,749.6909240924092,150.54941415856334,700.6111386138614,116.72359981587645,-60.04752475247517,20.13069306930697,-0.09333333333333327,0.0357441721458458,0.8660254037844386,0.5000000000000001,1.0,6.123233995736766e-17
2011-03-01,669.1009900990099,2011,3,1,1,9,0,583.3188118811881,643.3663366336633,985.579207920792,869.6287128712871,679.1386138613861,646.009900990099,631.9287128712871,44.01999492214594,746.6376237623763,152.24116577333464,702.5353960396038,115.92926817027103,85.78217821782175,23.091089108910865,0.1470588235294117,0.0357441721458458,1.0,6.123233995736766e-17,1.0,6.123233995736766e-17
2011-04-01,617.6316831683167,2011,4,2,4,13,0,669.1009900990099,583.3188118811881,643.3663366336633,985.579207920792,703.9851485148515,596.3168316831683,623.3504950495048,43.17608286942915,728.1042904290429,161.33904505826973,704.3116336633663,114.3057877353054,-51.469306930693165,21.314851485148438,-0.0769230769230771,0.035744172145845576,0.8660254037844387,-0.49999999999999983,1.2246467991473532e-16,-1.0
2011-05-01,643.3663366336633,2011,5,2,6,17,1,617.6316831683167,669.1009900990099,583.3188118811881,643.3663366336633,687.4207920792079,621.1633663366337,643.3663366336633,25.734653465346003,690.393894389439,147.49261144247617,706.1618811881189,113.00987812312626,25.734653465346582,22.20297029702965,0.04166666666666674,0.0357441721458458,0.49999999999999994,-0.8660254037844387,1.2246467991473532e-16,-1.0
2011-06-01,686.2574257425742,2011,6,2,2,22,0,643.3663366336633,617.6316831683167,669.1009900990099,583.3188118811881,728.8316831683168,662.5742574257425,649.0851485148514,34.66845458001194,640.5069306930692,36.66289218763861,708.1354785478547,112.38453608049758,42.89108910891093,23.68316831683171,0.06666666666666665,0.0357441721458458,1.2246467991473532e-16,-1.0,1.2246467991473532e-16,-1.0
2011-07-01,703.4138613861386,2011,7,3,4,26,0,686.2574257425742,643.3663366336633,617.6316831683167,669.1009900990099,869.6287128712871,679.1386138613861,677.6792079207921,30.929204208534394,650.5148514851485,44.87536779396556,710.1584158415841,112.03306802975605,17.15643564356435,24.275247524752444,0.02499999999999991,0.0357441721458458,-0.4999999999999998,-0.8660254037844388,-1.0,-1.8369701987210297e-16
2011-08-01,729.1485148514852,2011,8,3,0,31,0,703.4138613861386,686.2574257425742,643.3663366336633,617.6316831683167,985.579207920792,703.9851485148515,706.2732673267327,21.588041434714746,674.819801980198,40.478524522939225,712.2553630363036,112.14245811557103,25.734653465346582,25.163366336633658,0.03658536585365857,0.0357441721458458,-0.8660254037844384,-0.5000000000000004,-1.0,-1.8369701987210297e-16
2011-09-01,711.9920792079208,2011,9,3,3,35,0,729.1485148514852,703.4138613861386,686.2574257425742,643.3663366336633,643.3663366336633,687.4207920792079,714.8514851485148,13.10344416537881,681.9683168316832,42.97678567608756,714.3029702970297,111.87177769541252,-17.15643564356435,24.571287128712925,-0.02352941176470591,0.0357441721458458,-1.0,-1.8369701987210297e-16,-1.0,-1.8369701987210297e-16
2011-10-01,754.8831683168316,2011,10,4,5,39,1,711.9920792079208,729.1485148514852,703.4138613861386,686.2574257425742,583.3188118811881,728.8316831683168,732.0079207920793,21.588041434715123,704.8435643564356,38.138515900063005,716.4739273927393,112.43072752473081,42.89108910891082,26.05148514851487,0.06024096385542155,0.0357441721458458,-0.8660254037844386,0.5000000000000001,-2.4492935982947064e-16,1.0
2011-11-01,900.7128712871287,2011,11,4,1,44,0,754.8831683168316,711.9920792079208,729.1485148514852,703.4138613861386,669.1009900990099,869.6287128712871,789.1960396039603,98.92883398042385,747.7346534653466,78.5113936886083,719.0642739273927,116.56228721138666,145.82970297029703,31.084158415841557,0.19318181818181812,0.0357441721458458,-0.5000000000000004,0.8660254037844384,-2.4492935982947064e-16,1.0
2011-12-01,1020.8079207920792,2011,12,4,3,48,0,900.7128712871287,754.8831683168316,711.9920792079208,729.1485148514852,617.6316831683167,985.579207920792,892.1346534653466,133.16975204791828,803.4930693069306,128.80663715172443,722.0,124.08575895516111,120.09504950495057,35.22871287128726,0.13333333333333353,0.03574417214584602,-2.4492935982947064e-16,1.0,-2.4492935982947064e-16,1.0
2012-01-01,645.4455445544554,2012,1,1,6,52,1,1020.8079207920792,900.7128712871287,754.8831683168316,711.9920792079208,643.3663366336633,643.3663366336633,855.6554455445545,191.69469759124712,793.8316831683169,139.54129625404423,722.1732673267326,123.9673720656943,-375.36237623762383,2.0792079207921006,-0.3677110733490072,0.003231763619575334,0.49999999999999994,0.8660254037844387,1.0,6.123233995736766e-17
2012-02-01,585.2039603960396,2012,2,1,2,5,0,645.4455445544554,1020.8079207920792,900.7128712871287,754.8831683168316,686.2574257425742,583.3188118811881,750.4858085808581,236.03558074627418,769.8409240924093,163.24652653009662,722.3303630363035,123.77646192775,-60.241584158415776,1.885148514851494,-0.09333333333333327,0.003231763619575334,0.8660254037844386,0.5000000000000001,1.0,6.123233995736766e-17
2012-03-01,671.2633663366337,2012,3,1,3,9,0,585.2039603960396,645.4455445544554,1020.8079207920792,900.7128712871287,703.4138613861386,669.1009900990099,633.9709570957097,44.16225714026868,763.052805280528,166.93814232661512,722.5105610561055,123.69347015674003,86.05940594059405,2.162376237623789,0.1470588235294117,0.003231763619575334,1.0,6.123233995736766e-17,1.0,6.123233995736766e-17
2012-04-01,619.6277227722771,2012,4,2,6,13,1,671.2633663366337,585.2039603960396,645.4455445544554,1020.8079207920792,729.1485148514852,617.6316831683167,625.3650165016502,43.315617763281715,740.5102310231023,177.08569802035205,722.6768976897689,123.54086093471851,-51.63564356435654,1.996039603960412,-0.0769230769230771,0.003231763619575334,0.8660254037844387,-0.49999999999999983,1.2246467991473532e-16,-1.0
2012-05-01,645.4455445544554,2012,5,2,1,18,0,619.6277227722771,671.2633663366337,585.2039603960396,645.4455445544554,711.9920792079208,643.3663366336633,645.4455445544554,25.817821782176896,697.9656765676567,160.81597942973158,722.8501650165016,123.42091471453034,25.81782178217827,2.0792079207921006,0.04166666666666674,0.003231763619575334,0.49999999999999994,-0.8660254037844387,1.2246467991473532e-16,-1.0
2012-06-01,688.4752475247525,2012,6,2,4,22,0,645.4455445544554,619.6277227722771,671.2633663366337,585.2039603960396,754.8831683168316,686.2574257425742,651.1828382838283,34.78049483026999,642.576897689769,36.78137798879882,723.0349834983499,123.36278375338371,43.02970297029708,2.217821782178248,0.06666666666666665,0.003231763619575334,1.2246467991473532e-16,-1.0,1.2246467991473532e-16,-1.0
2012-07-01,705.6871287128713,2012,7,3,6,26,1,688.4752475247525,645.4455445544554,619.6277227722771,671.2633663366337,900.7128712871287,703.4138613861386,679.869306930693,31.02916008547767,652.6171617161716,45.020394375017055,723.2244224422442,123.33165543531925,17.21188118811881,2.2732673267327073,0.02499999999999991,0.003231763619575334,-0.4999999999999998,-0.8660254037844388,-1.0,-1.8369701987210297e-16
2012-08-01,731.5049504950496,2012,8,3,2,31,0,705.6871287128713,688.4752475247525,645.4455445544554,619.6277227722771,1020.8079207920792,729.1485148514852,708.5557755775577,21.657808881641387,677.0006600660066,40.60934154586655,723.4207920792079,123.34382067955325,25.81782178217827,2.356435643564396,0.03658536585365857,0.003231763619575334,-0.8660254037844384,-0.5000000000000004,-1.0,-1.8369701987210297e-16
2012-09-01,714.2930693069308,2012,9,3,5,35,1,731.5049504950496,705.6871287128713,688.4752475247525,645.4455445544554,645.4455445544554,711.9920792079208,717.1617161716172,13.14579139952391,684.1722772277227,43.11567648852185,723.6125412541254,123.32622582192613,-17.21188118811881,2.300990099009937,-0.02352941176470591,0.003231763619575334,-1.0,-1.8369701987210297e-16,-1.0,-1.8369701987210297e-16
2012-10-01,757.3227722772277,2012,10,4,0,40,0,714.2930693069308,731.5049504950496,705.6871287128713,688.4752475247525,585.2039603960396,754.8831683168316,734.373597359736,21.65780888164217,707.1214521452144,38.26177056825353,723.8158415841584,123.38445802992946,43.02970297029697,2.4396039603960844,0.06024096385542155,0.003231763619575334,-0.8660254037844386,0.5000000000000001,-2.4492935982947064e-16,1.0
2012-11-01,903.6237623762376,2012,11,4,3,44,0,757.3227722772277,714.2930693069308,731.5049504950496,705.6871287128713,671.2633663366337,900.7128712871287,791.7465346534653,99.24854858700905,750.1511551155116,78.76512395445333,724.0584158415842,123.7661256605767,146.30099009900982,2.9108910891088726,0.19318181818181812,0.003231763619575112,-0.5000000000000004,0.8660254037844384,-2.4492935982947064e-16,1.0
2012-12-01,1024.1069306930692,2012,12,4,5,48,1,903.6237623762376,757.3227722772277,714.2930693069308,731.5049504950496,619.6277227722771,1020.8079207920792,895.0178217821782,133.60012520781513,806.0897689768977,129.22290975563112,724.3333333333334,124.48677479665972,120.48316831683167,3.2990099009899723,0.1333333333333333,0.003231763619575112,-2.4492935982947064e-16,1.0,-2.4492935982947064e-16,1.0
2013-01-01,649.529702970297,2013,1,1,1,1,0,1024.1069306930692,903.6237623762376,757.3227722772277,714.2930693069308,645.4455445544554,645.4455445544554,859.0867986798679,191.21893403527918,796.7301980198021,139.56901999624282,724.6736798679867,124.25685931676225,-374.57722772277225,4.084158415841557,-0.3657598796536562,0.006327657616198801,0.49999999999999994,0.8660254037844387,1.0,6.123233995736766e-17
2013-02-01,588.9069306930694,2013,2,1,4,5,0,649.529702970297,1024.1069306930692,903.6237623762376,757.3227722772277,688.4752475247525,585.2039603960396,754.1811881188119,235.71955796633074,772.9638613861385,163.06115521444323,724.9822607260726,123.88304705579506,-60.62277227722757,3.702970297029765,-0.09333333333333316,0.006327657616198801,0.8660254037844386,0.5000000000000001,1.0,6.123233995736766e-17
2013-03-01,675.5108910891089,2013,3,1,4,9,0,588.9069306930694,649.529702970297,1024.1069306930692,903.6237623762376,705.6871287128713,671.2633663366337,637.9825082508252,44.44170078300934,766.5001650165017,166.58261917217095,725.3362211221123,123.72157016679225,86.6039603960395,4.247524752475215,0.14705882352941146,0.006327657616198801,1.0,6.123233995736766e-17,1.0,6.123233995736766e-17
2013-04-01,623.5485148514852,2013,4,2,0,14,0,675.5108910891089,588.9069306930694,649.529702970297,1024.1069306930692,731.5049504950496,619.6277227722771,629.3221122112212,43.589704161920245,744.2044554455446,176.70155789187493,725.6629537953795,123.42184337520959,-51.962376237623744,3.920792079208013,-0.07692307692307687,0.006327657616199023,0.8660254037844387,-0.49999999999999983,1.2246467991473532e-16,-1.0
2013-05-01,649.529702970297,2013,5,2,2,18,0,623.5485148514852,675.5108910891089,588.9069306930694,649.529702970297,714.2930693069308,645.4455445544554,649.5297029702971,25.981188118808284,701.8554455445545,160.5648556213345,726.0033003300331,123.18593291524353,25.981188118811815,4.084158415841557,0.04166666666666652,0.006327657616198801,0.49999999999999994,-0.8660254037844387,1.2246467991473532e-16,-1.0
2013-06-01,692.8316831683169,2013,6,2,5,22,1,649.529702970297,623.5485148514852,675.5108910891089,588.9069306930694,757.3227722772277,688.4752475247525,655.303300330033,35.00057389327632,646.6429042904291,37.01411795536437,726.3663366336633,123.07164751538474,43.30198019801992,4.356435643564396,0.06666666666666687,0.006327657616198801,1.2246467991473532e-16,-1.0,1.2246467991473532e-16,-1.0
2013-07-01,710.1524752475248,2013,7,3,0,27,0,692.8316831683169,649.529702970297,623.5485148514852,675.5108910891089,903.6237623762376,705.6871287128713,684.1712871287131,31.22550198661542,656.746699669967,45.30526801636875,726.7384488448844,123.01017426305799,17.320792079207877,4.465346534653463,0.02499999999999991,0.006327657616198801,-0.4999999999999998,-0.8660254037844388,-1.0,-1.8369701987210297e-16
2013-08-01,736.1336633663367,2013,8,3,3,31,0,710.1524752475248,692.8316831683169,649.529702970297,623.5485148514852,1024.1069306930692,731.5049504950496,713.039273927393,21.79485208095986,681.284488448845,40.86630355518845,727.1241749174918,123.03373439729774,25.98118811881193,4.628712871287121,0.03658536585365857,0.006327657616198801,-0.8660254037844384,-0.5000000000000004,-1.0,-1.8369701987210297e-16
2013-09-01,718.8128712871287,2013,9,3,6,35,1,736.1336633663367,710.1524752475248,692.8316831683169,649.529702970297,649.529702970297,714.2930693069308,721.6996699669968,13.228973466591587,688.5014851485148,43.38849772723233,727.5008250825082,122.99779595581742,-17.32079207920799,4.51980198019794,-0.02352941176470602,0.006327657616198801,-1.0,-1.8369701987210297e-16,-1.0,-1.8369701987210297e-16
2013-10-01,762.1148514851485,2013,10,4,1,40,0,718.8128712871287,736.1336633663367,710.1524752475248,692.8316831683169,588.9069306930694,757.3227722772277,739.0204620462047,21.79485208096096,711.5958745874588,38.50387795219926,727.9001650165018,123.11114879379281,43.301980198019805,4.792079207920779,0.06024096385542177,0.006327657616198801,-0.8660254037844386,0.5000000000000001,-2.4492935982947064e-16,1.0
2013-11-01,909.3415841584158,2013,11,4,4,44,0,762.1148514851485,718.8128712871287,736.1336633663367,710.1524752475248,675.5108910891089,903.6237623762376,796.7564356435645,99.87655942137216,754.8978547854786,79.2635226909346,728.3766501650165,123.86186807181085,147.2267326732673,5.717821782178248,0.19318181818181812,0.006327657616198801,-0.5000000000000004,0.8660254037844384,-2.4492935982947064e-16,1.0
2013-12-01,1030.5871287128712,2013,12,4,6,48,1,909.3415841584158,762.1148514851485,718.8128712871287,736.1336633663367,623.5485148514852,1024.1069306930692,900.681188118812,134.44550105761135,811.1904290429043,130.04058808473366,728.9166666666666,125.27448448531776,121.24554455445536,6.480198019801946,0.1333333333333333,0.006327657616198801,-2.4492935982947064e-16,1.0,-2.4492935982947064e-16,1.0
2014-01-01,653.0198019801979,2014,1,1,2,1,0,1030.5871287128712,909.3415841584158,762.1148514851485,718.8128712871287,649.529702970297,649.529702970297,864.3161716171618,192.76861099488454,801.6683168316832,140.58309157191758,729.2075082508251,125.07731793940528,-377.5673267326732,3.490099009900973,-0.3663613839270703,0.005373270835715038,0.49999999999999994,0.8660254037844387,1.0,6.123233995736766e-17
2014-02-01,592.0712871287129,2014,2,1,5,5,1,653.0198019801979,1030.5871287128712,909.3415841584158,762.1148514851485,692.8316831683169,588.9069306930694,758.559405940594,237.54576787043288,777.6579207920792,164.31382019002766,729.4712046204621,124.75756371436218,-60.948514851485015,3.1643564356435263,-0.09333333333333316,0.005373270835715038,0.8660254037844386,0.5000000000000001,1.0,6.123233995736766e-17
2014-03-01,679.1405940594059,2014,3,1,5,9,1,592.0712871287129,653.0198019801979,1030.5871287128712,909.3415841584158,710.1524752475248,675.5108910891089,641.4105610561056,44.68049807771615,771.0458745874588,167.91412472597037,729.7736798679867,124.61916668982012,87.06930693069296,3.6297029702969894,0.14705882352941146,0.005373270835715038,1.0,6.123233995736766e-17,1.0,6.123233995736766e-17
2014-04-01,626.89900990099,2014,4,2,1,14,0,679.1405940594059,592.0712871287129,653.0198019801979,1030.5871287128712,736.1336633663367,623.5485148514852,632.7036303630364,43.82392344803086,748.509900990099,178.11631098910811,730.0528877887788,124.36302443922938,-52.24158415841589,3.3504950495048433,-0.07692307692307698,0.005373270835715038,0.8660254037844387,-0.49999999999999983,1.2246467991473532e-16,-1.0
2014-05-01,653.0198019801979,2014,5,2,3,18,0,626.89900990099,679.1405940594059,592.0712871287129,653.0198019801979,718.8128712871287,649.529702970297,653.0198019801979,26.12079207920415,705.789603960396,161.81995379444018,730.3437293729372,124.16150709105821,26.120792079207945,3.490099009900973,0.04166666666666674,0.005373270835715038,0.49999999999999994,-0.8660254037844387,1.2246467991473532e-16,-1.0
2014-06-01,696.5544554455446,2014,6,2,6,22,1,653.0198019801979,626.89900990099,679.1405940594059,592.0712871287129,762.1148514851485,692.8316831683169,658.8244224422442,35.18864145621031,650.1174917491749,37.2130048358837,730.6539603960396,124.0638709320113,43.53465346534665,3.7227722772277048,0.06666666666666687,0.005373270835715038,1.2246467991473532e-16,-1.0,1.2246467991473532e-16,-1.0
2014-07-01,713.9683168316832,2014,7,3,1,27,0,696.5544554455446,653.0198019801979,626.89900990099,679.1405940594059,909.3415841584158,710.1524752475248,687.8475247524754,31.39328506577081,660.2755775577558,45.548705491705384,730.9719471947195,124.01142586566723,17.413861386138592,3.81584158415842,0.02499999999999991,0.005373270835715038,-0.4999999999999998,-0.8660254037844388,-1.0,-1.8369701987210297e-16
2014-08-01,740.0891089108911,2014,8,3,4,31,0,713.9683168316832,696.5544554455446,653.0198019801979,626.89900990099,1030.5871287128712,736.1336633663367,716.8706270627064,21.911961724015786,684.9452145214522,41.08588927224496,731.3015676567657,124.03164798687074,26.120792079207945,3.9554455445544363,0.03658536585365857,0.005373270835715038,-0.8660254037844384,-0.5000000000000004,-1.0,-1.8369701987210297e-16
2014-09-01,722.6752475247525,2014,9,3,0,36,0,740.0891089108911,713.9683168316832,696.5544554455446,653.0198019801979,653.0198019801979,718.8128712871287,725.5775577557757,13.300056323907235,692.20099009901,43.6216358766755,731.6234323432344,124.00130110212532,-17.413861386138592,3.8623762376238346,-0.0235294117647058,0.00537327083571526,-1.0,-1.8369701987210297e-16,-1.0,-1.8369701987210297e-16
2014-10-01,766.209900990099,2014,10,4,2,40,0,722.6752475247525,740.0891089108911,713.9683168316832,696.5544554455446,592.0712871287129,762.1148514851485,742.9914191419143,21.91196172401716,715.4194719471948,38.71076971666159,731.9646864686468,124.09843935171888,43.53465346534642,4.0950495049504525,0.06024096385542155,0.005373270835715038,-0.8660254037844386,0.5000000000000001,-2.4492935982947064e-16,1.0
2014-11-01,914.2277227722772,2014,11,4,5,44,1,766.209900990099,722.6752475247525,740.0891089108911,713.9683168316832,679.1405940594059,909.3415841584158,801.0376237623763,100.41322322528286,758.9541254125412,79.68942706574572,732.3718646864686,124.73969630766507,148.0178217821782,4.8861386138613625,0.19318181818181812,0.005373270835715038,-0.5000000000000004,0.8660254037844384,-2.4492935982947064e-16,1.0
2014-12-01,1036.1247524752475,2014,12,4,0,49,0,914.2277227722772,766.209900990099,722.6752475247525,740.0891089108911,626.89900990099,1030.5871287128712,905.5207920792078,135.1679131474378,815.5491749174918,130.73933138414858,732.8333333333334,125.94761821926198,121.89702970297037,5.53762376237637,0.13333333333333353,0.00537327083571526,-2.4492935982947064e-16,1.0,-2.4492935982947064e-16,1.0
2015-01-01,631.559405940594,2015,1,1,3,1,0,1036.1247524752475,914.2277227722772,766.209900990099,722.6752475247525,653.0198019801979,653.0198019801979,860.637293729373,207.53850357928349,801.8143564356436,146.8778790561861,731.0449669966997,127.32872896518985,-404.5653465346535,-21.460396039603893,-0.3904600730444555,-0.032863315897202594,0.49999999999999994,0.8660254037844387,1.0,6.123233995736766e-17
2015-02-01,572.6138613861386,2015,2,1,6,5,1,631.559405940594,1036.1247524752475,914.2277227722772,766.209900990099,696.5544554455446,592.0712871287129,746.7660066006601,252.319256431789,773.9018151815181,174.30648741431557,729.423514851485,129.36693397359838,-58.94554455445541,-19.457425742574287,-0.09333333333333327,-0.032863315897202705,0.8660254037844386,0.5000000000000001,1.0,6.123233995736766e-17
2015-03-01,656.8217821782179,2015,3,1,6,9,1,572.6138613861386,631.559405940594,1036.1247524752475,914.2277227722772,713.9683168316832,679.1405940594059,620.3316831683169,43.21214875494275,762.9262376237624,180.15246368084317,727.5636138613862,130.3125502734537,84.20792079207922,-22.318811881188026,0.1470588235294117,-0.03286331589720248,1.0,6.123233995736766e-17,1.0,6.123233995736766e-17
2015-04-01,606.2970297029702,2015,4,2,2,14,0,656.8217821782179,572.6138613861386,631.559405940594,1036.1247524752475,740.0891089108911,626.89900990099,611.910891089109,42.383724007902245,736.2740924092409,191.06776604805074,725.8467821782178,131.88556339669225,-50.524752475247624,-20.60198019801976,-0.0769230769230771,-0.032863315897202594,0.8660254037844387,-0.49999999999999983,1.2246467991473532e-16,-1.0
2015-05-01,631.559405940594,2015,5,2,4,18,0,606.2970297029702,656.8217821782179,572.6138613861386,631.559405940594,722.6752475247525,653.0198019801979,631.559405940594,25.262376237618316,689.162706270627,172.34571702969387,724.0584158415841,133.1027564021178,25.262376237623812,-21.460396039603893,0.04166666666666674,-0.032863315897202594,0.49999999999999994,-0.8660254037844387,1.2246467991473532e-16,-1.0
2015-06-01,673.6633663366337,2015,6,2,0,23,0,631.559405940594,606.2970297029702,656.8217821782179,572.6138613861386,766.209900990099,696.5544554455446,637.1732673267328,34.032226016040106,628.7524752475247,35.9900621024782,722.1508250825082,133.69548429422696,42.10396039603961,-22.891089108910933,0.06666666666666665,-0.032863315897202705,1.2246467991473532e-16,-1.0,1.2246467991473532e-16,-1.0
2015-07-01,690.5049504950496,2015,7,3,2,27,0,673.6633663366337,631.559405940594,606.2970297029702,656.8217821782179,914.2277227722772,713.9683168316832,665.2425742574259,30.361597621602144,638.5767326732673,44.05182399442305,720.1955445544554,133.99726530491603,16.841584158415912,-23.463366336633612,0.025000000000000133,-0.032863315897202594,-0.4999999999999998,-0.8660254037844388,-1.0,-1.8369701987210297e-16
2015-08-01,715.7673267326733,2015,8,3,5,31,1,690.5049504950496,673.6633663366337,631.559405940594,606.2970297029702,1036.1247524752475,740.0891089108911,693.311881188119,21.191862003950494,662.4356435643564,39.73567071417396,718.1687293729373,133.8528695838252,25.262376237623698,-24.32178217821786,0.03658536585365835,-0.032863315897202705,-0.8660254037844384,-0.5000000000000004,-1.0,-1.8369701987210297e-16
2015-09-01,698.9257425742575,2015,9,3,1,36,0,715.7673267326733,690.5049504950496,673.6633663366337,631.559405940594,631.559405940594,722.6752475247525,701.7326732673268,12.862972371481607,669.4529702970298,42.188084276907844,716.1896039603961,133.9557180022116,-16.8415841584158,-23.749504950495066,-0.0235294117647058,-0.032863315897202705,-1.0,-1.8369701987210297e-16,-1.0,-1.8369701987210297e-16
2015-10-01,741.029702970297,2015,10,4,3,40,0,698.9257425742575,715.7673267326733,690.5049504950496,673.6633663366337,572.6138613861386,766.209900990099,718.5742574257425,21.19186200395197,691.9084158415841,37.438605462839476,714.0912541254125,133.29653946946829,42.1039603960395,-25.180198019801992,0.06024096385542155,-0.032863315897202705,-0.8660254037844386,0.5000000000000001,-2.4492935982947064e-16,1.0
2015-11-01,884.1831683168316,2015,11,4,6,44,1,741.029702970297,698.9257425742575,715.7673267326733,690.5049504950496,656.8217821782179,914.2277227722772,774.7128712871287,97.11331175017388,734.0123762376237,77.0705682504173,711.5875412541254,129.42146514148408,143.15346534653463,-30.044554455445564,0.19318181818181812,-0.032863315897202705,-0.5000000000000004,0.8660254037844384,-2.4492935982947064e-16,1.0
2015-12-01,1002.0742574257424,2015,12,4,1,49,0,884.1831683168316,741.029702970297,698.9257425742575,715.7673267326733,606.2970297029702,1036.1247524752475,875.7623762376237,130.72584731850785,788.7475247524752,126.44280343668237,708.75,121.80856185522211,117.89108910891082,-34.050495049505116,0.1333333333333333,-0.032863315897202816,-2.4492935982947064e-16,1.0,-2.4492935982947064e-16,1.0
2016-01-01,588.9356435643564,2016,1,1,4,53,0,1002.0742574257424,884.1831683168316,741.029702970297,698.9257425742575,631.559405940594,631.559405940594,825.0643564356436,212.81953388847927,771.8193069306931,147.30424964685596,705.1980198019802,124.84764409272103,-413.13861386138603,-42.623762376237664,-0.41228343189127503,-0.06748971193415643,0.49999999999999994,0.8660254037844387,1.0,6.123233995736766e-17
2016-02-01,533.9683168316832,2016,2,1,0,5,0,588.9356435643564,1002.0742574257424,884.1831683168316,741.029702970297,673.6633663366337,572.6138613861386,708.3260726072607,255.87369699746148,741.5194719471947,176.87029079351507,701.9775577557756,129.00770667518518,-54.9673267326732,-38.645544554455455,-0.09333333333333327,-0.06748971193415643,0.8660254037844386,0.5000000000000001,1.0,6.123233995736766e-17
2016-03-01,612.4930693069307,2016,3,1,1,9,0,533.9683168316832,588.9356435643564,1002.0742574257424,884.1831683168316,690.5049504950496,656.8217821782179,578.4656765676568,40.29577328341393,727.1140264026402,184.3930500074678,698.283498349835,131.0369652577963,78.52475247524751,-44.328712871287166,0.1470588235294117,-0.06748971193415643,1.0,6.123233995736766e-17,1.0,6.123233995736766e-17
2016-04-01,565.3782178217822,2016,4,2,4,13,0,612.4930693069307,533.9683168316832,588.9356435643564,1002.0742574257424,715.7673267326733,606.2970297029702,570.6132013201321,39.52325868391023,697.8387788778878,195.3594479273719,694.8735973597359,134.14385866221608,-47.114851485148506,-40.91881188118805,-0.07692307692307687,-0.06748971193415632,0.8660254037844387,-0.49999999999999983,1.2246467991473532e-16,-1.0
2016-05-01,588.9356435643564,2016,5,2,6,17,1,565.3782178217822,612.4930693069307,533.9683168316832,588.9356435643564,698.9257425742575,631.559405940594,588.9356435643565,23.557425742566085,648.6308580858085,175.17631921358822,691.3216171617161,136.51609543601322,23.557425742574196,-42.623762376237664,0.04166666666666652,-0.06748971193415643,0.49999999999999994,-0.8660254037844387,1.2246467991473532e-16,-1.0
2016-06-01,628.1980198019802,2016,6,2,2,22,0,588.9356435643564,565.3782178217822,612.4930693069307,533.9683168316832,741.029702970297,673.6633663366337,594.1706270627063,31.735400885737167,586.3181518151815,33.561103178689095,687.5328382838284,137.67669771171998,39.26237623762381,-45.46534653465346,0.06666666666666665,-0.06748971193415643,1.2246467991473532e-16,-1.0,1.2246467991473532e-16,-1.0
2016-07-01,643.9029702970297,2016,7,3,4,26,0,628.1980198019802,588.9356435643564,565.3782178217822,612.4930693069307,884.1831683168316,690.5049504950496,620.3455445544555,28.312502144256896,595.4793729372938,41.078779082864905,683.6493399339934,138.2413427298265,15.704950495049502,-46.601980198019874,0.02499999999999991,-0.06748971193415643,-0.4999999999999998,-0.8660254037844388,-1.0,-1.8369701987210297e-16
2016-08-01,667.460396039604,2016,8,3,0,31,0,643.9029702970297,628.1980198019802,588.9356435643564,565.3782178217822,1002.0742574257424,715.7673267326733,646.5204620462047,19.76162934195173,617.7280528052805,37.05392174416341,679.6237623762376,137.92402743062848,23.55742574257431,-48.30693069306926,0.03658536585365857,-0.06748971193415632,-0.8660254037844384,-0.5000000000000004,-1.0,-1.8369701987210297e-16
2016-09-01,651.7554455445545,2016,9,3,3,35,0,667.460396039604,643.9029702970297,628.1980198019802,588.9356435643564,588.9356435643564,698.9257425742575,654.3729372937295,11.994854071507058,624.2717821782178,39.34082262200494,675.692904290429,137.99606966389544,-15.704950495049502,-47.170297029702965,-0.02352941176470591,-0.06748971193415632,-1.0,-1.8369701987210297e-16,-1.0,-1.8369701987210297e-16
2016-10-01,691.0178217821782,2016,10,4,5,39,1,651.7554455445545,667.460396039604,643.9029702970297,628.1980198019802,533.9683168316832,741.029702970297,670.0778877887789,19.761629341953142,645.2117161716171,34.91188476493524,671.5252475247524,136.59149153220176,39.2623762376237,-50.011881188118764,0.06024096385542155,-0.06748971193415632,-0.8660254037844386,0.5000000000000001,-2.4492935982947064e-16,1.0
2016-11-01,824.509900990099,2016,11,4,1,44,0,691.0178217821782,651.7554455445545,667.460396039604,643.9029702970297,612.4930693069307,884.1831683168316,722.4277227722773,90.55916231518196,684.4740924092408,71.86909780059449,666.5524752475247,129.022113150405,133.49207920792082,-59.67326732673257,0.19318181818181834,-0.06748971193415632,-0.5000000000000004,0.8660254037844384,-2.4492935982947064e-16,1.0
2016-12-01,934.4445544554457,2016,12,4,3,48,0,824.509900990099,691.0178217821782,651.7554455445545,667.460396039604,565.3782178217822,1002.0742574257424,816.6574257425744,121.90319754063276,735.515181518152,117.9092150565933,660.9166666666666,113.58773710449948,109.93465346534663,-67.62970297029676,0.13333333333333353,-0.0674897119341561,-2.4492935982947064e-16,1.0,-2.4492935982947064e-16,1.0
2017-01-01,577.8712871287129,2017,1,1,6,52,1,934.4445544554457,824.509900990099,691.0178217821782,651.7554455445545,588.9356435643564,588.9356435643564,778.9419141914192,182.60190253302125,724.509900990099,130.57183308259715,659.9946369636964,114.26801824745164,-356.5732673267328,-11.064356435643504,-0.3815884694566265,-0.018787038204513884,0.49999999999999994,0.8660254037844387,1.0,6.123233995736766e-17
2017-02-01,523.9366336633664,2017,2,1,2,5,0,577.8712871287129,934.4445544554457,824.509900990099,691.0178217821782,628.1980198019802,533.9683168316832,678.7508250825084,223.07330441266893,700.5892739273927,154.1342461163865,659.1586633663367,115.30581496414004,-53.934653465346514,-10.031683168316818,-0.09333333333333327,-0.018787038204513884,0.8660254037844386,0.5000000000000001,1.0,6.123233995736766e-17
2017-03-01,600.9861386138614,2017,3,1,2,9,0,523.9366336633664,577.8712871287129,934.4445544554457,824.509900990099,643.9029702970297,612.4930693069307,567.5980198019803,39.538735051256644,692.1277227722773,158.67783954376952,658.1997524752476,115.77606576961209,77.04950495049502,-11.506930693069307,0.1470588235294117,-0.018787038204513884,1.0,6.123233995736766e-17,1.0,6.123233995736766e-17
2017-04-01,554.7564356435643,2017,4,2,5,13,1,600.9861386138614,523.9366336633664,577.8712871287129,934.4445544554457,667.460396039604,565.3782178217822,559.8930693069307,38.78073371304732,669.4174917491749,168.32610902640548,657.3146039603961,116.58798944183371,-46.229702970297126,-10.621782178217927,-0.0769230769230771,-0.018787038204514106,0.8660254037844387,-0.49999999999999983,1.2246467991473532e-16,-1.0
2017-05-01,577.8712871287129,2017,5,2,0,18,0,554.7564356435643,600.9861386138614,523.9366336633664,577.8712871287129,651.7554455445545,588.9356435643564,577.8712871287129,23.11485148513838,628.3110561056105,152.22155745372788,656.3925742574257,117.21995982769802,23.11485148514862,-11.064356435643504,0.04166666666666696,-0.018787038204513884,0.49999999999999994,-0.8660254037844387,1.2246467991473532e-16,-1.0
2017-06-01,616.3960396039604,2017,6,2,3,22,0,577.8712871287129,554.7564356435643,600.9861386138614,523.9366336633664,691.0178217821782,628.1980198019802,583.0079207920793,31.139186696859745,575.3029702970297,32.93058945108554,655.4090759075907,117.52713089378506,38.52475247524751,-11.801980198019805,0.06666666666666665,-0.018787038204513884,1.2246467991473532e-16,-1.0,1.2246467991473532e-16,-1.0
2017-07-01,631.8059405940594,2017,7,3,5,26,1,616.3960396039604,577.8712871287129,554.7564356435643,600.9861386138614,824.509900990099,643.9029702970297,608.691089108911,27.780594084805866,584.2920792079208,40.307030490840376,654.40099009901,117.68656915094111,15.409900990099004,-12.097029702970303,0.02499999999999991,-0.018787038204513995,-0.4999999999999998,-0.8660254037844388,-1.0,-1.8369701987210297e-16
2017-08-01,654.920792079208,2017,8,3,1,31,0,631.8059405940594,616.3960396039604,577.8712871287129,554.7564356435643,934.4445544554457,667.460396039604,634.3742574257427,19.390366856519414,606.1227722772277,36.35778830072871,653.3560231023102,117.61571972162673,23.11485148514862,-12.539603960395993,0.03658536585365879,-0.018787038204513884,-0.8660254037844384,-0.5000000000000004,-1.0,-1.8369701987210297e-16
2017-09-01,639.5108910891089,2017,9,3,4,35,0,654.920792079208,631.8059405940594,616.3960396039604,577.8712871287129,577.8712871287129,651.7554455445545,642.0792079207922,11.769506289805644,612.5435643564357,38.60172508440829,652.3356435643565,117.68396218884702,-15.409900990099118,-12.24455445544561,-0.02352941176470602,-0.018787038204513995,-1.0,-1.8369701987210297e-16,-1.0,-1.8369701987210297e-16
2017-10-01,678.0356435643564,2017,10,4,6,39,1,639.5108910891089,654.920792079208,631.8059405940594,616.3960396039604,523.9366336633664,691.0178217821782,657.4891089108911,19.39036685652116,633.090099009901,34.2559938520647,651.2537953795379,117.35524889044082,38.52475247524751,-12.982178217821797,0.06024096385542177,-0.018787038204513995,-0.8660254037844386,0.5000000000000001,-2.4492935982947064e-16,1.0
2017-11-01,809.0198019801979,2017,11,4,2,44,0,678.0356435643564,639.5108910891089,654.920792079208,631.8059405940594,600.9861386138614,824.509900990099,708.8554455445545,88.85782387299773,671.6148514851485,70.51889031449063,649.9629537953796,115.34424299262042,130.98415841584153,-15.490099009901087,0.19318181818181812,-0.018787038204513995,-0.5000000000000004,0.8660254037844384,-2.4492935982947064e-16,1.0
2017-12-01,916.8891089108912,2017,12,4,4,48,0,809.0198019801979,678.0356435643564,639.5108910891089,654.920792079208,554.7564356435643,934.4445544554457,801.3148514851486,119.6129975111846,721.6970297029703,115.69405012866069,648.5,111.45375994795299,107.86930693069326,-17.55544554455446,0.13333333333333353,-0.018787038204513884,-2.4492935982947064e-16,1.0,-2.4492935982947064e-16,1.0
2018-01-01,581.2871287128712,2018,1,1,0,1,0,916.8891089108912,809.0198019801979,678.0356435643564,639.5108910891089,577.8712871287129,577.8712871287129,769.0653465346536,171.33137821388897,713.2772277227723,125.00779189987644,648.7846534653464,111.26117076727688,-335.60198019802,3.415841584158329,-0.366022430560505,0.005911076843998719,0.49999999999999994,0.8660254037844387,1.0,6.123233995736766e-17
2018-02-01,527.0336633663367,2018,2,1,3,5,0,581.2871287128712,916.8891089108912,809.0198019801979,678.0356435643564,616.3960396039604,523.9366336633664,675.0699669966998,211.1710980996539,691.9627062706271,146.07537705799606,649.0427392739274,110.94839323174088,-54.25346534653454,3.0970297029703033,-0.09333333333333316,0.005911076843998941,0.8660254037844386,0.5000000000000001,1.0,6.123233995736766e-17
2018-03-01,604.5386138613861,2018,3,1,3,9,0,527.0336633663367,581.2871287128712,916.8891089108912,809.0198019801979,631.8059405940594,600.9861386138614,570.9531353135314,39.77245155245927,686.1339933993399,149.2501353892227,649.3387788778878,110.81316553145737,77.50495049504946,3.5524752475247396,0.1470588235294117,0.005911076843998941,1.0,6.123233995736766e-17,1.0,6.123233995736766e-17
2018-04-01,558.0356435643564,2018,4,2,6,13,1,604.5386138613861,527.0336633663367,581.2871287128712,916.8891089108912,654.920792079208,554.7564356435643,563.2026402640265,39.009969610091936,666.1339933993399,158.31716175380515,649.6120462046205,110.56247965090606,-46.50297029702972,3.279207920792146,-0.07692307692307698,0.0059110768439991634,0.8660254037844387,-0.49999999999999983,1.2246467991473532e-16,-1.0
2018-05-01,581.2871287128712,2018,5,2,1,18,0,558.0356435643564,604.5386138613861,527.0336633663367,581.2871287128712,639.5108910891089,577.8712871287129,581.2871287128713,23.25148514850486,628.1785478547855,143.84753011665302,649.896699669967,110.3652063413474,23.251485148514803,3.415841584158329,0.04166666666666652,0.005911076843998719,0.49999999999999994,-0.8660254037844387,1.2246467991473532e-16,-1.0
2018-06-01,620.039603960396,2018,6,2,4,22,0,581.2871287128712,558.0356435643564,604.5386138613861,527.0336633663367,678.0356435643564,616.3960396039604,586.4541254125412,31.323252822284633,578.7036303630363,33.1252446958487,650.2003300330033,110.26963322240219,38.752475247524785,3.643564356435604,0.06666666666666665,0.005911076843998941,1.2246467991473532e-16,-1.0,1.2246467991473532e-16,-1.0
2018-07-01,635.540594059406,2018,7,3,6,26,1,620.039603960396,581.2871287128712,558.0356435643564,604.5386138613861,809.0198019801979,631.8059405940594,612.2891089108912,27.944807311213335,587.7458745874587,40.54528844542486,650.5115511551155,110.21825624805291,15.500990099009982,3.7346534653465824,0.025000000000000133,0.005911076843998941,-0.4999999999999998,-0.8660254037844388,-1.0,-1.8369701987210297e-16
2018-08-01,658.7920792079208,2018,8,3,2,31,0,635.540594059406,620.039603960396,581.2871287128712,558.0356435643564,916.8891089108912,654.920792079208,638.1240924092409,19.50498480504187,609.7056105610561,36.57270198125188,650.8341584158416,110.2379991192389,23.251485148514803,3.8712871287127655,0.03658536585365835,0.005911076843998719,-0.8660254037844384,-0.5000000000000004,-1.0,-1.8369701987210297e-16
2018-09-01,643.2910891089109,2018,9,3,5,35,1,658.7920792079208,635.540594059406,620.039603960396,581.2871287128712,581.2871287128712,639.5108910891089,645.8745874587459,11.839076745901025,616.1643564356435,38.82990284769289,651.1491749174917,110.20809722553687,-15.500990099009869,3.7801980198020146,-0.0235294117647058,0.005911076843998941,-1.0,-1.8369701987210297e-16,-1.0,-1.8369701987210297e-16
2018-10-01,682.0435643564356,2018,10,4,0,40,0,643.2910891089109,658.7920792079208,635.540594059406,620.039603960396,527.0336633663367,678.0356435643564,661.3755775577557,19.5049848050437,636.8323432343234,34.45848366409156,651.4831683168317,110.30301822221116,38.75247524752467,4.007920792079176,0.06024096385542155,0.005911076843998941,-0.8660254037844386,0.5000000000000001,-2.4492935982947064e-16,1.0
2018-11-01,813.8019801980198,2018,11,4,3,44,0,682.0435643564356,643.2910891089109,658.7920792079208,635.540594059406,604.5386138613861,809.0198019801979,713.0455445544554,89.38306929810166,675.5848184818482,70.93573289409308,651.8816831683168,110.93077861839483,131.75841584158422,4.7821782178218655,0.19318181818181834,0.0059110768439991634,-0.5000000000000004,0.8660254037844384,-2.4492935982947064e-16,1.0
2018-12-01,922.3089108910892,2018,12,4,5,48,1,813.8019801980198,682.0435643564356,643.2910891089109,658.7920792079208,558.0356435643564,916.8891089108912,806.051485148515,120.32003913101438,725.9630363036304,116.37792654936472,652.3333333333334,112.11257168755793,108.50693069306942,5.419801980198031,0.13333333333333353,0.005911076843998941,-2.4492935982947064e-16,1.0,-2.4492935982947064e-16,1.0
2019-01-01,564.6534653465346,2019,1,1,1,1,0,922.3089108910892,813.8019801980198,682.0435643564356,643.2910891089109,581.2871287128712,581.2871287128712,766.9214521452146,183.37854935842677,714.1485148514852,130.1738614759043,650.947194719472,113.16868163397979,-357.6554455445546,-16.633663366336577,-0.3877827063375172,-0.028615227388860354,0.49999999999999994,0.8660254037844387,1.0,6.123233995736766e-17
2019-02-01,511.9524752475248,2019,2,1,4,5,0,564.6534653465346,922.3089108910892,813.8019801980198,682.0435643564356,620.039603960396,527.0336633663367,666.3049504950496,223.26636422264005,689.6752475247525,154.24099950417298,649.6904290429043,114.742664966435,-52.70099009900986,-15.081188118811895,-0.09333333333333327,-0.028615227388860576,0.8660254037844386,0.5000000000000001,1.0,6.123233995736766e-17
2019-03-01,587.239603960396,2019,3,1,4,9,0,511.9524752475248,564.6534653465346,922.3089108910892,813.8019801980198,635.540594059406,604.5386138613861,554.6151815181519,38.634353807472074,680.3333333333334,159.22900012006005,648.2488448844884,115.4678829648651,75.28712871287127,-17.299009900990086,0.1470588235294117,-0.028615227388860465,1.0,6.123233995736766e-17,1.0,6.123233995736766e-17
2019-04-01,542.0673267326732,2019,4,2,0,14,0,587.239603960396,511.9524752475248,564.6534653465346,922.3089108910892,658.7920792079208,558.0356435643564,547.0864686468648,37.893690459265464,657.0039603960396,168.88953682062592,646.9181518151815,116.6876156614616,-45.172277227722816,-15.968316831683182,-0.07692307692307698,-0.028615227388860576,0.8660254037844387,-0.49999999999999983,1.2246467991473532e-16,-1.0
2019-05-01,564.6534653465346,2019,5,2,2,18,0,542.0673267326732,587.239603960396,511.9524752475248,564.6534653465346,643.2910891089109,581.2871287128712,564.6534653465347,22.58613861384964,615.4792079207921,152.45690719066206,645.5320132013201,117.63309174933168,22.586138613861408,-16.633663366336577,0.04166666666666674,-0.028615227388860354,0.49999999999999994,-0.8660254037844387,1.2246467991473532e-16,-1.0
2019-06-01,602.2970297029703,2019,6,2,5,22,1,564.6534653465346,542.0673267326732,587.239603960396,511.9524752475248,682.0435643564356,620.039603960396,569.6726072607262,30.426930820214704,562.143894389439,32.17735828656495,644.0534653465346,118.09324306883434,37.64356435643572,-17.742574257425645,0.06666666666666687,-0.028615227388860354,1.2246467991473532e-16,-1.0,1.2246467991473532e-16,-1.0
2019-07-01,617.3544554455445,2019,7,3,0,27,0,602.2970297029703,564.6534653465346,542.0673267326732,587.239603960396,813.8019801980198,635.540594059406,594.7683168316831,27.145160295663207,570.927392739274,39.385075797011744,642.5379537953796,118.3288797042396,15.057425742574196,-18.18613861386143,0.02499999999999991,-0.028615227388860576,-0.4999999999999998,-0.8660254037844388,-1.0,-1.8369701987210297e-16
2019-08-01,639.940594059406,2019,8,3,3,31,0,617.3544554455445,602.2970297029703,564.6534653465346,542.0673267326732,922.3089108910892,658.7920792079208,619.8640264026403,18.946845229626508,592.2587458745875,35.526165797832945,640.96699669967,118.21855580506086,22.586138613861408,-18.851485148514826,0.03658536585365857,-0.028615227388860465,-0.8660254037844384,-0.5000000000000004,-1.0,-1.8369701987210297e-16
2019-09-01,624.8831683168318,2019,9,3,6,35,1,639.940594059406,617.3544554455445,602.2970297029703,564.6534653465346,564.6534653465346,643.2910891089109,627.3927392739275,11.500298872738185,598.5326732673267,37.71877634821845,639.4330033003301,118.30505514593443,-15.057425742574196,-18.407920792079153,-0.0235294117647058,-0.028615227388860465,-1.0,-1.8369701987210297e-16,-1.0,-1.8369701987210297e-16
2019-10-01,662.5267326732672,2019,10,4,1,40,0,624.8831683168318,639.940594059406,617.3544554455445,602.2970297029703,511.9524752475248,682.0435643564356,642.4501650165017,18.946845229628067,618.6092409240924,33.47244631856786,637.806600660066,117.79908357421112,37.64356435643549,-19.516831683168334,0.060240963855421326,-0.028615227388860576,-0.8660254037844386,0.5000000000000001,-2.4492935982947064e-16,1.0
2019-11-01,790.5148514851485,2019,11,4,4,44,0,662.5267326732672,624.8831683168318,639.940594059406,617.3544554455445,587.239603960396,813.8019801980198,692.6415841584159,86.82535244542149,656.252805280528,68.90589076733296,635.8660066006601,114.7895744346905,127.98811881188124,-23.287128712871322,0.19318181818181834,-0.028615227388860576,-0.5000000000000004,0.8660254037844384,-2.4492935982947064e-16,1.0
2019-12-01,895.9168316831683,2019,12,4,6,48,1,790.5148514851485,662.5267326732672,624.8831683168318,639.940594059406,542.0673267326732,922.3089108910892,782.9861386138614,116.87705385184327,705.1894389438944,113.04774571811039,633.6666666666666,108.90444495556856,105.40198019801983,-26.392079207920915,0.1333333333333333,-0.028615227388860576,-2.4492935982947064e-16,1.0,-2.4492935982947064e-16,1.0
2020-01-01,542.7475247524752,2020,1,1,2,1,0,895.9168316831683,790.5148514851485,662.5267326732672,624.8831683168318,564.6534653465346,564.6534653465346,743.0597359735974,181.30397356549446,692.7549504950495,127.78392402946702,631.8411716171616,110.3405631610753,-353.1693069306931,-21.905940594059416,-0.39419876314544755,-0.038795370857443445,0.49999999999999994,0.8660254037844387,1.0,6.123233995736766e-17
2020-02-01,492.0910891089109,2020,2,1,5,5,1,542.7475247524752,895.9168316831683,790.5148514851485,662.5267326732672,602.2970297029703,511.9524752475248,643.5851485148515,219.9885846264397,668.1133663366336,151.97173368986054,630.1860561056105,112.43153545857817,-50.65643564356429,-19.861386138613852,-0.09333333333333327,-0.038795370857443445,0.8660254037844386,0.5000000000000001,1.0,6.123233995736766e-17
2020-03-01,564.4574257425743,2020,3,1,6,9,1,492.0910891089109,542.7475247524752,895.9168316831683,790.5148514851485,617.3544554455445,587.239603960396,533.0986798679869,37.135519723672225,658.042409240924,157.31763927937362,628.2875412541255,113.41073967709042,72.36633663366337,-22.782178217821752,0.1470588235294117,-0.038795370857443445,1.0,6.123233995736766e-17,1.0,6.123233995736766e-17
2020-04-01,521.0376237623761,2020,4,2,2,14,0,564.4574257425743,492.0910891089109,542.7475247524752,895.9168316831683,639.940594059406,542.0673267326732,525.8620462046205,36.423590684739786,634.4608910891089,166.82797861239365,626.5350660066007,115.01530332608158,-43.419801980198145,-21.02970297029708,-0.0769230769230771,-0.038795370857443556,0.8660254037844387,-0.49999999999999983,1.2246467991473532e-16,-1.0
2020-05-01,542.7475247524752,2020,5,2,4,18,0,521.0376237623761,564.4574257425743,492.0910891089109,542.7475247524752,624.8831683168318,564.6534653465346,542.7475247524753,21.70990099008557,593.1663366336634,150.32294161767368,624.7095709570957,116.253934586063,21.709900990099072,-21.905940594059416,0.04166666666666674,-0.038795370857443445,0.49999999999999994,-0.8660254037844387,1.2246467991473532e-16,-1.0
2020-06-01,578.9306930693069,2020,6,2,0,23,0,542.7475247524752,521.0376237623761,564.4574257425743,492.0910891089109,662.5267326732672,602.2970297029703,547.5719471947195,29.246506754989085,540.3353135313531,30.929025738624972,622.7623762376237,116.85758046055172,36.18316831683171,-23.366336633663423,0.06666666666666665,-0.038795370857443556,1.2246467991473532e-16,-1.0,1.2246467991473532e-16,-1.0
2020-07-01,593.4039603960397,2020,7,3,2,27,0,578.9306930693069,542.7475247524752,521.0376237623761,564.4574257425743,790.5148514851485,617.3544554455445,571.6940594059407,26.09205373500644,548.7780528052805,37.85711717521831,620.766501650165,117.16247615677095,14.473267326732753,-23.950495049504866,0.025000000000000133,-0.038795370857443334,-0.4999999999999998,-0.8660254037844388,-1.0,-1.8369701987210297e-16
2020-08-01,615.1138613861386,2020,8,3,5,31,1,593.4039603960397,578.9306930693069,542.7475247524752,521.0376237623761,895.9168316831683,639.940594059406,595.8161716171618,18.211795342362155,569.2818481848185,34.147915020563204,618.697607260726,117.01221639615461,21.70990099009896,-24.826732673267315,0.03658536585365835,-0.038795370857443445,-0.8660254037844384,-0.5000000000000004,-1.0,-1.8369701987210297e-16
2020-09-01,600.640594059406,2020,9,3,1,36,0,615.1138613861386,593.4039603960397,578.9306930693069,542.7475247524752,542.7475247524752,624.8831683168318,603.0528052805282,11.05414051299497,575.3123762376237,36.255462431500554,616.6773927392738,117.10495137617029,-14.473267326732639,-24.24257425742576,-0.0235294117647058,-0.038795370857443445,-1.0,-1.8369701987210297e-16,-1.0,-1.8369701987210297e-16
2020-10-01,636.8237623762376,2020,10,4,3,40,0,600.640594059406,615.1138613861386,593.4039603960397,578.9306930693069,492.0910891089109,662.5267326732672,617.5260726072607,18.211795342363885,594.6100660066007,32.17387035013341,614.5354785478548,116.42318055864241,36.1831683168316,-25.70297029702965,0.06024096385542155,-0.038795370857443334,-0.8660254037844386,0.5000000000000001,-2.4492935982947064e-16,1.0
2020-11-01,759.8465346534653,2020,11,4,6,44,1,636.8237623762376,600.640594059406,615.1138613861386,593.4039603960397,564.4574257425743,790.5148514851485,665.7702970297031,83.45693069747264,630.7932343234323,66.23266118075192,611.9797854785478,112.47872979030444,123.02277227722766,-30.668316831683228,0.19318181818181812,-0.038795370857443556,-0.5000000000000004,0.8660254037844384,-2.4492935982947064e-16,1.0
2020-12-01,861.159405940594,2020,12,4,1,49,0,759.8465346534653,636.8237623762376,600.640594059406,615.1138613861386,521.0376237623761,895.9168316831683,752.609900990099,112.34276520293524,677.8313531353135,108.66201649837839,609.0833333333334,104.67945662549333,101.3128712871287,-34.757425742574355,0.1333333333333333,-0.038795370857443556,-2.4492935982947064e-16,1.0,-2.4492935982947064e-16,1.0
2021-01-01,615.4455445544554,2021,1,1,4,53,0,861.159405940594,759.8465346534653,636.8237623762376,600.640594059406,542.7475247524752,542.7475247524752,745.4838283828384,123.4849825601634,681.5049504950495,105.56533683897987,615.141501650165,102.57382991811713,-245.71386138613855,72.6980198019802,-0.2853291268621281,0.13394445204542338,0.49999999999999994,0.8660254037844387,1.0,6.123233995736766e-17
2021-02-01,558.0039603960396,2021,2,1,0,5,0,615.4455445544554,861.159405940594,759.8465346534653,636.8237623762376,578.9306930693069,492.0910891089109,678.2029702970298,161.0269446558716,671.9866336633663,114.90981630840334,620.6342409240924,96.99885135308513,-57.44158415841582,65.91287128712867,-0.09333333333333327,0.13394445204542338,0.8660254037844386,0.5000000000000001,1.0,6.123233995736766e-17
2021-03-01,640.0633663366336,2021,3,1,0,9,0,558.0039603960396,615.4455445544554,861.159405940594,759.8465346534653,593.4039603960397,564.4574257425743,604.504290429043,42.109616564485265,678.557095709571,111.07757759403603,626.9347359735973,95.461486902467,82.05940594059405,75.60594059405935,0.1470588235294117,0.13394445204542338,1.0,6.123233995736766e-17,1.0,6.123233995736766e-17
2021-04-01,590.8277227722772,2021,4,2,3,13,0,640.0633663366336,558.0039603960396,615.4455445544554,861.159405940594,615.1138613861386,521.0376237623761,596.2983498349835,41.30232858053785,670.8910891089108,116.01147102114251,632.7505775577557,90.41594799269181,-49.23564356435645,69.79009900990104,-0.07692307692307698,0.1339444520454236,0.8660254037844387,-0.49999999999999983,1.2246467991473532e-16,-1.0
2021-05-01,615.4455445544554,2021,5,2,5,17,1,590.8277227722772,640.0633663366336,558.0039603960396,615.4455445544554,600.640594059406,542.7475247524752,615.4455445544555,24.61782178216935,646.8242574257425,108.6086275005454,638.8087458745874,86.17317552374249,24.617821782178225,72.6980198019802,0.04166666666666674,0.13394445204542338,0.49999999999999994,-0.8660254037844387,1.2246467991473532e-16,-1.0
2021-06-01,656.4752475247525,2021,6,2,1,22,0,615.4455445544554,590.8277227722772,640.0633663366336,558.0039603960396,636.8237623762376,578.9306930693069,620.9161716171617,33.163914076533615,612.7102310231022,35.07179714348464,645.2707920792079,84.1587274992907,41.02970297029708,77.54455445544556,0.06666666666666665,0.13394445204542338,1.2246467991473532e-16,-1.0,1.2246467991473532e-16,-1.0
2021-07-01,672.8871287128713,2021,7,3,3,26,0,656.4752475247525,615.4455445544554,590.8277227722772,640.0633663366336,759.8465346534653,593.4039603960397,648.2693069306932,29.586939575286962,622.2838283828382,42.92786799127286,651.8943894389439,82.82272134104781,16.411881188118855,79.48316831683167,0.025000000000000133,0.13394445204542338,-0.4999999999999998,-0.8660254037844388,-1.0,-1.8369701987210297e-16
2021-08-01,697.5049504950496,2021,8,3,6,30,1,672.8871287128713,656.4752475247525,615.4455445544554,590.8277227722772,861.159405940594,615.1138613861386,675.6224422442245,20.6511642902657,645.5339933993399,38.72183878648667,658.7603135313531,82.91148617981503,24.617821782178225,82.39108910891093,0.03658536585365857,0.1339444520454236,-0.8660254037844384,-0.5000000000000004,-1.0,-1.8369701987210297e-16
2021-09-01,681.0930693069307,2021,9,3,2,35,0,697.5049504950496,672.8871287128713,656.4752475247525,615.4455445544554,615.4455445544554,600.640594059406,683.828382838284,12.534781306853343,652.3722772277227,41.11168048054169,665.4646864686468,81.01567005397962,-16.411881188118855,80.45247524752472,-0.02352941176470591,0.13394445204542338,-1.0,-1.8369701987210297e-16,-1.0,-1.8369701987210297e-16
2021-10-01,722.1227722772277,2021,10,4,4,39,0,681.0930693069307,697.5049504950496,672.8871287128713,656.4752475247525,558.0039603960396,636.8237623762376,700.2402640264028,20.651164290267335,674.2547854785479,36.48338178436281,672.5729372937293,82.01021894992783,41.02970297029697,85.29900990099009,0.06024096385542155,0.13394445204542338,-0.8660254037844386,0.5000000000000001,-2.4492935982947064e-16,1.0
2021-11-01,861.6237623762376,2021,11,4,0,44,0,722.1227722772277,681.0930693069307,697.5049504950496,672.8871287128713,640.0633663366336,759.8465346534653,754.9465346534653,94.63552354913992,715.284488448845,75.10415869011791,681.0543729372938,95.93688872270658,139.50099009900987,101.7772277227723,0.19318181818181812,0.1339444520454236,-0.5000000000000004,0.8660254037844384,-2.4492935982947064e-16,1.0
2021-12-01,976.5069306930692,2021,12,4,2,48,0,861.6237623762376,722.1227722772277,681.0930693069307,697.5049504950496,590.8277227722772,861.159405940594,853.4178217821782,127.39045532931094,768.623102310231,123.2166907564043,690.6666666666666,118.70068908360753,114.88316831683164,115.34752475247524,0.1333333333333333,0.13394445204542338,-2.4492935982947064e-16,1.0,-2.4492935982947064e-16,1.0
2022-01-01,617.5247524752475,2022,1,1,5,52,1,976.5069306930692,861.6237623762376,722.1227722772277,681.0930693069307,615.4455445544554,615.4455445544554,818.5518151815181,183.3260634657867,759.3960396039605,133.46630059299977,690.8399339933993,118.58236555205089,-358.9821782178217,2.0792079207921006,-0.3676186690892572,0.0033783783783785104,0.49999999999999994,0.8660254037844387,1.0,6.123233995736766e-17
2022-02-01,559.8891089108911,2022,2,1,1,5,0,617.5247524752475,976.5069306930692,861.6237623762376,722.1227722772277,656.4752475247525,558.0039603960396,717.9735973597359,225.7433945558597,736.4600660066006,156.12970386459727,690.9970297029703,118.39148394535282,-57.63564356435643,1.885148514851494,-0.09333333333333327,0.0033783783783782884,0.8660254037844386,0.5000000000000001,1.0,6.123233995736766e-17
2022-03-01,642.2257425742574,2022,3,1,1,9,0,559.8891089108911,617.5247524752475,976.5069306930692,861.6237623762376,672.8871287128713,640.0633663366336,606.5465346534655,42.25187878260872,729.9821782178218,159.65290310684637,691.1772277227723,118.30852920416103,82.33663366336634,2.162376237623789,0.1470588235294117,0.0033783783783785104,1.0,6.123233995736766e-17,1.0,6.123233995736766e-17
2022-04-01,592.8237623762376,2022,4,2,4,13,0,642.2257425742574,559.8891089108911,617.5247524752475,976.5069306930692,697.5049504950496,590.8277227722772,598.3128712871288,41.441863474391255,708.4323432343234,169.35733571343064,691.3435643564356,118.15592082818681,-49.40198019801983,1.996039603960412,-0.07692307692307698,0.0033783783783785104,0.8660254037844387,-0.49999999999999983,1.2246467991473532e-16,-1.0
2022-05-01,617.5247524752475,2022,5,2,6,17,1,592.8237623762376,642.2257425742574,559.8891089108911,617.5247524752475,681.0930693069307,615.4455445544554,617.5247524752476,24.700990099001224,667.7491749174917,153.8020766133477,691.5168316831683,118.03596725082438,24.700990099009914,2.0792079207921006,0.04166666666666674,0.0033783783783785104,0.49999999999999994,-0.8660254037844387,1.2246467991473532e-16,-1.0
2022-06-01,658.6930693069307,2022,6,2,2,22,0,617.5247524752475,592.8237623762376,642.2257425742574,559.8891089108911,722.1227722772277,656.4752475247525,623.0138613861387,33.27595432679232,614.780198019802,35.190282944645595,691.7016501650165,117.97783384832013,41.16831683168323,2.217821782178248,0.06666666666666687,0.0033783783783785104,1.2246467991473532e-16,-1.0,1.2246467991473532e-16,-1.0
2022-07-01,675.1603960396039,2022,7,3,4,26,0,658.6930693069307,617.5247524752475,592.8237623762376,642.2257425742574,861.6237623762376,672.8871287128713,650.4594059405941,29.686895452230413,624.3861386138614,43.072894572324806,691.8910891089108,117.94669763004536,16.4673267326732,2.2732673267325936,0.02499999999999991,0.0033783783783782884,-0.4999999999999998,-0.8660254037844388,-1.0,-1.8369701987210297e-16
2022-08-01,699.8613861386139,2022,8,3,0,31,0,675.1603960396039,658.6930693069307,617.5247524752475,592.8237623762376,976.5069306930692,697.5049504950496,677.9049504950495,20.72093173719192,647.7148514851485,38.852655809414195,692.0874587458746,117.95885483076249,24.700990099009914,2.356435643564282,0.03658536585365857,0.0033783783783782884,-0.8660254037844384,-0.5000000000000004,-1.0,-1.8369701987210297e-16
2022-09-01,683.3940594059407,2022,9,3,3,35,0,699.8613861386139,675.1603960396039,658.6930693069307,617.5247524752475,617.5247524752475,681.0930693069307,686.1386138613861,12.5771285409975,654.5762376237624,41.250571292976126,692.279207920792,117.94122694369634,-16.4673267326732,2.300990099009937,-0.0235294117647058,0.0033783783783785104,-1.0,-1.8369701987210297e-16,-1.0,-1.8369701987210297e-16
2022-10-01,724.5623762376238,2022,10,4,5,39,1,683.3940594059407,699.8613861386139,675.1603960396039,658.6930693069307,559.8891089108911,722.1227722772277,702.6059405940596,20.720931737193432,676.5326732673268,36.606636452553346,692.482508250825,117.99943443378146,41.168316831683114,2.4396039603960844,0.06024096385542155,0.0033783783783785104,-0.8660254037844386,0.5000000000000001,-2.4492935982947064e-16,1.0
2022-11-01,864.5346534653465,2022,11,4,1,44,0,724.5623762376238,683.3940594059407,699.8613861386139,675.1603960396039,642.2257425742574,861.6237623762376,757.4970297029704,94.95523815572476,717.70099009901,75.35788895596295,692.7250825082509,118.38112661007328,139.97227722772277,2.9108910891089863,0.19318181818181812,0.0033783783783785104,-0.5000000000000004,0.8660254037844384,-2.4492935982947064e-16,1.0
2022-12-01,979.8059405940594,2022,12,4,3,48,0,864.5346534653465,724.5623762376238,683.3940594059407,699.8613861386139,592.8237623762376,976.5069306930692,856.3009900990099,127.8208284892071,771.2198019801981,123.63296336031114,693.0,119.10170492510623,115.27128712871286,3.2990099009901996,0.1333333333333333,0.0033783783783785104,-2.4492935982947064e-16,1.0,-2.4492935982947064e-16,1.0
2023-01-01,584.8514851485148,2023,1,1,6,52,1,979.8059405940594,864.5346534653465,724.5623762376238,683.3940594059407,617.5247524752475,617.5247524752475,809.730693069307,203.1006179837712,756.1683168316831,141.82524807961326,690.2772277227723,121.33649817605784,-394.95445544554457,-32.673267326732685,-0.40309457116179803,-0.05291005291005291,0.49999999999999994,0.8660254037844387,1.0,6.123233995736766e-17
2023-02-01,530.2653465346535,2023,2,1,2,5,0,584.8514851485148,979.8059405940594,864.5346534653465,724.5623762376238,658.6930693069307,559.8891089108911,698.307590759076,245.30777067198014,727.9023102310231,169.493294105858,687.8085808580859,124.49082247001272,-54.586138613861294,-29.62376237623755,-0.09333333333333316,-0.052910052910052796,0.8660254037844386,0.5000000000000001,1.0,6.123233995736766e-17
2023-03-01,608.2455445544555,2023,3,1,2,9,0,530.2653465346535,584.8514851485148,979.8059405940594,864.5346534653465,675.1603960396039,642.2257425742574,574.4541254125413,40.01632964067081,715.3775577557757,176.08828715592963,684.976897689769,125.99923308457689,77.98019801980195,-33.980198019801946,0.1470588235294117,-0.05291005291005291,1.0,6.123233995736766e-17,1.0,6.123233995736766e-17
2023-04-01,561.4574257425742,2023,4,2,5,13,1,608.2455445544555,530.2653465346535,584.8514851485148,979.8059405940594,699.8613861386139,592.8237623762376,566.6561056105611,39.24917228526909,688.193399339934,186.6593687460113,682.3630363036303,128.38746273497316,-46.788118811881304,-31.366336633663423,-0.0769230769230771,-0.05291005291005302,0.8660254037844387,-0.49999999999999983,1.2246467991473532e-16,-1.0
2023-05-01,584.8514851485148,2023,5,2,0,18,0,561.4574257425742,608.2455445544555,530.2653465346535,584.8514851485148,683.3940594059407,617.5247524752475,584.8514851485149,23.394059405930854,641.5795379537954,167.78247857602025,679.6402640264026,130.22089071167025,23.394059405940652,-32.673267326732685,0.04166666666666674,-0.05291005291005291,0.49999999999999994,-0.8660254037844387,1.2246467991473532e-16,-1.0
2023-06-01,623.8415841584158,2023,6,2,3,22,0,584.8514851485148,561.4574257425742,608.2455445544555,530.2653465346535,724.5623762376238,658.6930693069307,590.0501650165016,31.51532182272802,582.2521452145214,33.32836321212366,676.7359735973597,131.11610851343946,38.99009900990097,-34.85148514851494,0.06666666666666665,-0.05291005291005302,1.2246467991473532e-16,-1.0,1.2246467991473532e-16,-1.0
2023-07-01,639.4376237623762,2023,7,3,5,26,1,623.8415841584158,584.8514851485148,561.4574257425742,608.2455445544555,864.5346534653465,675.1603960396039,616.0435643564357,28.116160243116216,591.3498349834985,40.79390544151323,673.7590759075907,131.55991184326922,15.596039603960435,-35.722772277227705,0.025000000000000133,-0.05291005291005291,-0.4999999999999998,-0.8660254037844388,-1.0,-1.8369701987210297e-16
2023-08-01,662.8316831683169,2023,8,3,1,31,0,639.4376237623762,623.8415841584158,584.8514851485148,561.4574257425742,979.8059405940594,699.8613861386139,642.0369636963698,19.62458614262937,613.4442244224423,36.79695973484143,670.6732673267327,131.32607758199913,23.394059405940652,-37.02970297029697,0.03658536585365857,-0.052910052910052796,-0.8660254037844384,-0.5000000000000004,-1.0,-1.8369701987210297e-16
2023-09-01,647.2356435643565,2023,9,3,4,35,0,662.8316831683169,639.4376237623762,623.8415841584158,584.8514851485148,584.8514851485148,683.3940594059407,649.83498349835,11.911672004433187,619.9425742574257,39.06800138329433,667.6600660066007,131.4224542368348,-15.596039603960435,-36.1584158415842,-0.02352941176470591,-0.05291005291005302,-1.0,-1.8369701987210297e-16,-1.0,-1.8369701987210297e-16
2023-10-01,686.2257425742574,2023,10,4,6,39,1,647.2356435643565,662.8316831683169,639.4376237623762,623.8415841584158,530.2653465346535,724.5623762376238,665.4310231023104,19.624586142630704,640.7372937293729,34.669777380989146,664.4653465346535,130.3752670704826,38.99009900990097,-38.33663366336634,0.06024096385542177,-0.05291005291005291,-0.8660254037844386,0.5000000000000001,-2.4492935982947064e-16,1.0
2023-11-01,818.7920792079208,2023,11,4,2,44,0,686.2257425742574,647.2356435643565,662.8316831683169,639.4376237623762,608.2455445544555,864.5346534653465,717.4178217821783,89.93115148081816,679.727392739274,71.37069906411281,660.6534653465346,124.53165369213147,132.56633663366335,-45.74257425742576,0.19318181818181812,-0.05291005291005291,-0.5000000000000004,0.8660254037844384,-2.4492935982947064e-16,1.0
2023-12-01,927.9643564356436,2023,12,4,4,48,0,818.7920792079208,686.2257425742574,647.2356435643565,662.8316831683169,561.4574257425742,979.8059405940594,810.9940594059407,121.05782169083594,730.4145214521453,117.0915367274903,656.3333333333334,112.80002741584141,109.17227722772282,-51.8415841584158,0.1333333333333333,-0.05291005291005291,-2.4492935982947064e-16,1.0,-2.4492935982947064e-16,1.0
2024-01-01,576.9059405940594,2024,1,1,0,1,0,927.9643564356436,818.7920792079208,686.2257425742574,647.2356435643565,584.8514851485148,584.8514851485148,774.5541254125413,179.66148794413968,719.9925742574256,128.98722917394397,655.671204620462,113.28006450603776,-351.0584158415842,-7.9455445544554095,-0.37831023724878476,-0.013585576434738345,0.49999999999999994,0.8660254037844387,1.0,6.123233995736766e-17
2024-02-01,523.0613861386139,2024,2,1,3,5,0,576.9059405940594,927.9643564356436,818.7920792079208,686.2257425742574,623.8415841584158,530.2653465346535,675.9772277227725,219.88165860035704,696.6975247524751,151.95202917040305,655.0708745874587,114.02173362253885,-53.84455445544552,-7.2039603960396335,-0.09333333333333327,-0.013585576434738456,0.8660254037844386,0.5000000000000001,1.0,6.123233995736766e-17
2024-03-01,599.9821782178218,2024,3,1,4,9,0,523.0613861386139,576.9059405940594,927.9643564356436,818.7920792079208,639.4376237623762,608.2455445544555,566.6498349834984,39.472684735698756,688.8219471947195,156.19367981993142,654.3822607260726,114.35470169114825,76.9207920792079,-8.26336633663368,0.1470588235294117,-0.013585576434738456,1.0,6.123233995736766e-17,1.0,6.123233995736766e-17
2024-04-01,553.829702970297,2024,4,2,0,14,0,599.9821782178218,523.0613861386139,576.9059405940594,927.9643564356436,662.8316831683169,561.4574257425742,558.9577557755777,38.71594965518628,666.7559405940593,165.69673618811498,653.7466171617162,114.93789595382442,-46.15247524752476,-7.627722772277139,-0.07692307692307698,-0.013585576434738345,0.8660254037844387,-0.49999999999999983,1.2246467991473532e-16,-1.0
2024-05-01,576.9059405940594,2024,5,2,2,18,0,553.829702970297,599.9821782178218,523.0613861386139,576.9059405940594,647.2356435643565,584.8514851485148,576.9059405940594,23.076237623750924,626.4415841584158,149.98906157679298,653.0844884488448,115.39285017093239,23.07623762376238,-7.9455445544554095,0.04166666666666674,-0.013585576434738345,0.49999999999999994,-0.8660254037844387,1.2246467991473532e-16,-1.0
2024-06-01,615.3663366336634,2024,6,2,5,22,1,576.9059405940594,553.829702970297,599.9821782178218,523.0613861386139,686.2257425742574,623.8415841584158,582.03399339934,31.08716800923863,574.3419141914192,32.87557818626087,652.3782178217822,115.6138298910778,38.46039603960401,-8.475247524752376,0.06666666666666665,-0.013585576434738234,1.2246467991473532e-16,-1.0,1.2246467991473532e-16,-1.0
2024-07-01,630.7504950495049,2024,7,3,0,27,0,615.3663366336634,576.9059405940594,553.829702970297,599.9821782178218,818.7920792079208,639.4376237623762,607.6742574257427,27.734185999080488,583.31600660066,40.23969672106624,651.6542904290429,115.72936487975197,15.384158415841512,-8.6871287128713,0.02499999999999991,-0.013585576434738456,-0.4999999999999998,-0.8660254037844388,-1.0,-1.8369701987210297e-16
2024-08-01,653.8267326732673,2024,8,3,3,31,0,630.7504950495049,615.3663366336634,576.9059405940594,553.829702970297,927.9643564356436,662.8316831683169,633.3145214521454,19.357974827586244,605.1102310231023,36.29705182579791,650.9038778877888,115.67948384898763,23.07623762376238,-9.00495049504957,0.03658536585365857,-0.013585576434738567,-0.8660254037844384,-0.5000000000000004,-1.0,-1.8369701987210297e-16
2024-09-01,638.4425742574258,2024,9,3,6,35,1,653.8267326732673,630.7504950495049,615.3663366336634,576.9059405940594,576.9059405940594,647.2356435643565,641.006600660066,11.749845073947599,611.520297029703,38.53724006434929,650.1711221122113,115.73266914906912,-15.384158415841512,-8.793069306930647,-0.0235294117647058,-0.013585576434738345,-1.0,-1.8369701987210297e-16,-1.0,-1.8369701987210297e-16
2024-10-01,676.9029702970297,2024,10,4,1,40,0,638.4425742574258,653.8267326732673,630.7504950495049,615.3663366336634,523.0613861386139,686.2257425742574,656.3907590759077,19.357974827587487,632.0325082508251,34.19876847040462,649.3942244224423,115.4996934283678,38.46039603960389,-9.322772277227727,0.06024096385542155,-0.013585576434738456,-0.8660254037844386,0.5000000000000001,-2.4492935982947064e-16,1.0
2024-11-01,807.6683168316831,2024,11,4,4,44,0,676.9029702970297,638.4425742574258,653.8267326732673,630.7504950495049,599.9821782178218,818.7920792079208,707.6712871287131,88.70938494851084,670.492904290429,70.40108697677674,648.4672442244224,114.05210715725632,130.76534653465342,-11.123762376237664,0.19318181818181812,-0.013585576434738456,-0.5000000000000004,0.8660254037844384,-2.4492935982947064e-16,1.0
2024-12-01,915.3574257425744,2024,12,4,6,48,1,807.6683168316831,676.9029702970297,638.4425742574258,653.8267326732673,553.829702970297,927.9643564356436,799.9762376237626,119.41318140123168,720.4914191419142,115.50078070541814,647.4166666666666,111.2675740215429,107.68910891089126,-12.606930693069216,0.13333333333333353,-0.013585576434738345,-2.4492935982947064e-16,1.0,-2.4492935982947064e-16,1.0
2025-01-01,575.3465346534654,2025,1,1,2,1,0,915.3574257425744,807.6683168316831,676.9029702970297,638.4425742574258,576.9059405940594,576.9059405940594,766.1240924092411,173.77080724894228,711.2574257425744,125.86036385567677,647.2867161716172,111.35828421915488,-340.010891089109,-1.559405940594047,-0.3714515024699544,-0.0027030505856608933,0.49999999999999994,0.8660254037844387,1.0,6.123233995736766e-17
2025-02-01,521.6475247524753,2025,2,1,5,5,1,575.3465346534654,915.3574257425744,807.6683168316831,676.9029702970297,615.3663366336634,523.0613861386139,670.7838283828385,213.50194216961592,689.2275577557756,147.61158185953857,647.1688943894391,111.50232338449838,-53.69900990099006,-1.413861386138592,-0.09333333333333327,-0.0027030505856608933,0.8660254037844386,0.5000000000000001,1.0,6.123233995736766e-17
2025-03-01,598.360396039604,2025,3,1,5,9,1,521.6475247524753,575.3465346534654,915.3574257425744,807.6683168316831,630.7504950495049,599.9821782178218,565.1181518151816,39.36598807210575,682.5471947194719,151.2321781387947,647.0337458745875,111.56568121237989,76.71287128712868,-1.6217821782178135,0.1470588235294117,-0.0027030505856608933,1.0,6.123233995736766e-17,1.0,6.123233995736766e-17
2025-04-01,552.3326732673266,2025,4,2,1,14,0,598.360396039604,521.6475247524753,575.3465346534654,915.3574257425744,653.8267326732673,553.829702970297,557.4468646864688,38.611298484795874,661.7854785478547,160.43287050997765,646.9089933993399,111.68015460123205,-46.02772277227734,-1.4970297029703943,-0.0769230769230771,-0.0027030505856611153,0.8660254037844387,-0.49999999999999983,1.2246467991473532e-16,-1.0
2025-05-01,575.3465346534654,2025,5,2,3,18,0,552.3326732673266,598.360396039604,521.6475247524753,575.3465346534654,638.4425742574258,576.9059405940594,575.3465346534654,23.013861386126198,623.0651815181518,145.52515233029484,646.7790429042905,111.76988604979599,23.01386138613873,-1.559405940594047,0.04166666666666696,-0.0027030505856608933,0.49999999999999994,-0.8660254037844387,1.2246467991473532e-16,-1.0
2025-06-01,613.7029702970298,2025,6,2,6,22,1,575.3465346534654,552.3326732673266,598.360396039604,521.6475247524753,676.9029702970297,615.3663366336634,580.4607260726074,31.00313782154398,572.7894389438944,32.7867138353911,646.6404290429042,111.81340771842468,38.356435643564396,-1.6633663366336577,0.06666666666666665,-0.0027030505856610043,1.2246467991473532e-16,-1.0,1.2246467991473532e-16,-1.0
2025-07-01,629.0455445544554,2025,7,3,1,27,0,613.7029702970298,575.3465346534654,552.3326732673266,598.360396039604,807.6683168316831,630.7504950495049,606.0316831683168,27.65921909137194,581.7392739273927,40.130926785277964,646.4983498349835,111.83651514660495,15.342574257425667,-1.704950495049502,0.02499999999999991,-0.0027030505856610043,-0.4999999999999998,-0.8660254037844388,-1.0,-1.8369701987210297e-16
2025-08-01,652.059405940594,2025,8,3,4,31,0,629.0455445544554,613.7029702970298,575.3465346534654,552.3326732673266,915.3574257425744,653.8267326732673,631.6026402640265,19.30564924239012,603.4745874587458,36.19893905860281,646.3510726072608,111.8271503805227,23.013861386138615,-1.7673267326732685,0.03658536585365857,-0.0027030505856610043,-0.8660254037844384,-0.5000000000000004,-1.0,-1.8369701987210297e-16
2025-09-01,636.7168316831684,2025,9,3,0,36,0,652.059405940594,629.0455445544554,613.7029702970298,575.3465346534654,575.3465346534654,638.4425742574258,639.2739273927394,11.718084648337054,609.8673267326732,38.433071955023934,646.2072607260726,111.83935445509513,-15.342574257425667,-1.7257425742574242,-0.0235294117647058,-0.0027030505856610043,-1.0,-1.8369701987210297e-16,-1.0,-1.8369701987210297e-16
2025-10-01,675.0732673267327,2025,10,4,2,40,0,636.7168316831684,652.059405940594,629.0455445544554,613.7029702970298,521.6475247524753,676.9029702970297,654.6165016501651,19.305649242391272,630.324092409241,34.10632746926208,646.0547854785478,111.79493972157155,38.35643564356428,-1.8297029702970349,0.06024096385542155,-0.0027030505856610043,-0.8660254037844386,0.5000000000000001,-2.4492935982947064e-16,1.0
2025-11-01,805.4851485148514,2025,11,4,5,44,1,675.0732673267327,636.7168316831684,652.059405940594,629.0455445544554,598.360396039604,807.6683168316831,705.7584158415842,88.46959899357174,668.6805280528052,70.21078927739308,645.8728547854786,111.50943864533691,130.41188118811874,-2.1831683168317113,0.19318181818181812,-0.0027030505856610043,-0.5000000000000004,0.8660254037844384,-2.4492935982947064e-16,1.0
2025-12-01,912.8831683168316,2025,12,4,0,49,0,805.4851485148514,675.0732673267327,636.7168316831684,652.059405940594,552.3326732673266,915.3574257425744,797.8138613861387,119.09040153130891,718.5438943894388,115.18857625248808,645.6666666666666,110.96681214041887,107.39801980198024,-2.474257425742735,0.1333333333333333,-0.0027030505856611153,-2.4492935982947064e-16,1.0,-2.4492935982947064e-16,1.0
