date,value,period,year,category_code,seasonally_adj,data_type,series_id,series_name,category,unit,frequency,data_source,pct_change,rolling_mean_3m,rolling_mean_6m,rolling_mean_12m,pct_change_yoy,rolling_std_3m,rolling_std_12m,month,quarter,day_of_year,month_sin,month_cos,quarter_sin,quarter_cos,is_holiday_season,is_back_to_school,is_summer_season,is_quarter_end,is_year_end,pct_rank_1y,pct_rank_2y,zscore_1y,zscore_2y,trend_3m_vs_12m,momentum_1m,momentum_3m,momentum_6m,acceleration_1m,growth_rate,fetch_timestamp,processing_date
2015-01-01,32832.846534653465,M01,2015,44X72,yes,SM,MRTSSM44X72USS,Retail: Electronics and Appliance Stores,Electronics & Appliances,Millions of Dollars,Annual (API Limitation),MRTS,,32832.846534653465,32832.846534653465,32832.846534653465,,,,1,1,1,0.49999999999999994,0.8660254037844387,1.0,6.123233995736766e-17,0,0,0,0,0,,,,,0.0,,,,,,2025-12-11 03:12:56.917270,2025-12-11 03:12:56.917483
2015-02-01,29768.44752475248,M02,2015,44X72,yes,SM,MRTSSM44X72USS,Retail: Electronics and Appliance Stores,Electronics & Appliances,Millions of Dollars,Annual (API Limitation),MRTS,-0.09333333333333327,31300.647029702974,31300.647029702974,31300.647029702974,,,,2,1,32,0.8660254037844386,0.5000000000000001,1.0,6.123233995736766e-17,0,0,0,0,0,,,,,0.0,-0.09333333333333327,,,,Decline,2025-12-11 03:12:56.917270,2025-12-11 03:12:56.917483
2015-03-01,34146.1603960396,M03,2015,44X72,yes,SM,MRTSSM44X72USS,Retail: Electronics and Appliance Stores,Electronics & Appliances,Millions of Dollars,Annual (API Limitation),MRTS,0.14705882352941146,32249.151485148515,32249.151485148515,32249.151485148515,,0.16998292426170705,0.16998292426170705,3,1,60,1.0,6.123233995736766e-17,1.0,6.123233995736766e-17,0,0,0,1,0,,,,,0.0,0.14705882352941146,,,0.24039215686274473,Strong Growth,2025-12-11 03:12:56.917270,2025-12-11 03:12:56.917483
2015-04-01,31519.532673267324,M04,2015,44X72,yes,SM,MRTSSM44X72USS,Retail: Electronics and Appliance Stores,Electronics & Appliances,Millions of Dollars,Annual (API Limitation),MRTS,-0.07692307692307698,31811.380198019804,32066.74678217822,32066.74678217822,,0.1343041184072435,0.1343041184072435,4,2,91,0.8660254037844387,-0.49999999999999983,1.2246467991473532e-16,-1.0,0,0,0,0,0,,,,,-0.007963594994311698,-0.07692307692307698,-0.040000000000000036,,-0.22398190045248845,Decline,2025-12-11 03:12:56.917270,2025-12-11 03:12:56.917483
2015-05-01,32832.846534653465,M05,2015,44X72,yes,SM,MRTSSM44X72USS,Retail: Electronics and Appliance Stores,Electronics & Appliances,Millions of Dollars,Annual (API Limitation),MRTS,0.04166666666666674,32832.846534653465,32219.966732673267,32219.966732673267,,0.11205573445327031,0.11240611317144626,5,2,121,0.49999999999999994,-0.8660254037844387,1.2246467991473532e-16,-1.0,0,0,0,0,0,,,,,0.01902173913043478,0.04166666666666674,0.10294117647058809,,0.11858974358974372,Stable,2025-12-11 03:12:56.917270,2025-12-11 03:12:56.917483
2015-06-01,35021.70297029703,M06,2015,44X72,yes,SM,MRTSSM44X72USS,Retail: Electronics and Appliance Stores,Electronics & Appliances,Millions of Dollars,Annual (API Limitation),MRTS,0.06666666666666665,33124.69405940594,32686.92277227723,32686.92277227723,,0.07670999690267394,0.10122438557209332,6,2,152,1.2246467991473532e-16,-1.0,1.2246467991473532e-16,-1.0,0,0,1,1,0,1.0,,1.2478692301566603,,0.013392857142857092,0.06666666666666665,0.025641025641025772,,0.02499999999999991,Growth,2025-12-11 03:12:56.917270,2025-12-11 03:12:56.917483
2015-07-01,35897.245544554455,M07,2015,44X72,yes,SM,MRTSSM44X72USS,Retail: Electronics and Appliance Stores,Electronics & Appliances,Millions of Dollars,Annual (API Limitation),MRTS,0.02499999999999991,34583.93168316832,33197.65594059406,33145.54031117398,,0.020971762320196527,0.09059633203878886,7,3,182,-0.4999999999999998,-0.8660254037844388,-1.0,-1.8369701987210297e-16,0,1,1,0,0,1.0,,1.3133840736729363,,0.04339622641509419,0.02499999999999991,0.13888888888888906,0.09333333333333327,-0.04166666666666674,Stable,2025-12-11 03:12:56.917270,2025-12-11 03:12:56.917483
2015-08-01,37210.5594059406,M08,2015,44X72,yes,SM,MRTSSM44X72USS,Retail: Electronics and Appliance Stores,Electronics & Appliances,Millions of Dollars,Annual (API Limitation),MRTS,0.03658536585365879,36043.1693069307,34438.00792079208,33653.6676980198,,0.021506651961958587,0.08298927156363968,8,3,213,-0.8660254037844384,-0.5000000000000004,-1.0,-1.8369701987210297e-16,0,1,1,0,0,1.0,,1.4733640170431612,,0.07100271002710046,0.03658536585365879,0.13333333333333353,0.25,0.01158536585365888,Stable,2025-12-11 03:12:56.917270,2025-12-11 03:12:56.917483
2015-09-01,36335.01683168317,M09,2015,44X72,yes,SM,MRTSSM44X72USS,Retail: Electronics and Appliance Stores,Electronics & Appliances,Millions of Dollars,Annual (API Limitation),MRTS,-0.02352941176470602,36480.94059405941,34802.81732673267,33951.595379537954,,0.031893340465518706,0.07842669173042095,9,3,244,-1.0,-1.8369701987210297e-16,-1.0,-1.8369701987210297e-16,0,0,0,1,0,0.8888888888888888,,0.9813748879393125,,0.07449856733524361,-0.02352941176470602,0.03749999999999987,0.0641025641025641,-0.06011477761836481,Stable,2025-12-11 03:12:56.917270,2025-12-11 03:12:56.917483
2015-10-01,38523.87326732673,M10,2015,44X72,yes,SM,MRTSSM44X72USS,Retail: Electronics and Appliance Stores,Electronics & Appliances,Millions of Dollars,Annual (API Limitation),MRTS,0.06024096385542155,37356.48316831683,35970.20742574258,34408.823168316834,,0.043187285236250796,0.07486872187518974,10,4,274,-0.8660254037844386,0.5000000000000001,-2.4492935982947064e-16,1.0,0,0,0,0,0,1.0,,1.5195588943668719,,0.08566581849024585,0.06024096385542155,0.07317073170731692,0.22222222222222232,0.08377037562012757,Growth,2025-12-11 03:12:56.917270,2025-12-11 03:12:56.917483
2015-11-01,45965.98514851485,M11,2015,44X72,yes,SM,MRTSSM44X72USS,Retail: Electronics and Appliance Stores,Electronics & Appliances,Millions of Dollars,Annual (API Limitation),MRTS,0.19318181818181812,40274.95841584159,38159.063861386145,35459.47425742575,,0.10928136755298583,0.08926650980963838,11,4,305,-0.5000000000000004,0.8660254037844384,-2.4492935982947064e-16,1.0,1,0,0,0,0,1.0,,2.426843742837028,,0.13580246913580246,0.19318181818181812,0.23529411764705843,0.3999999999999999,0.13294085432639657,Strong Growth,2025-12-11 03:12:56.917270,2025-12-11 03:12:56.917483
2015-12-01,52094.783168316826,M12,2015,44X72,yes,SM,MRTSSM44X72USS,Retail: Electronics and Appliance Stores,Electronics & Appliances,Millions of Dollars,Annual (API Limitation),MRTS,0.1333333333333333,45528.21386138614,41004.57722772277,36845.75,,0.06658028532479547,0.08946373381510139,12,4,335,-2.4492935982947064e-16,1.0,-2.4492935982947064e-16,1.0,1,0,0,1,1,1.0,1.0,2.4080758606638715,2.4080758606638715,0.23564356435643566,0.1333333333333333,0.433734939759036,0.4874999999999998,-0.05984848484848482,Strong Growth,2025-12-11 03:12:56.917270,2025-12-11 03:12:56.917483
2016-01-01,34106.80693069307,M01,2016,44X72,yes,SM,MRTSSM44X72USS,Retail: Electronics and Appliance Stores,Electronics & Appliances,Millions of Dollars,Annual (API Limitation),MRTS,-0.3452932355914621,44055.85841584158,40706.1707920792,36951.91336633664,0.03880139952821349,0.2951329127572633,0.14162895512885473,1,1,1,0.49999999999999994,0.8660254037844387,1.0,6.123233995736766e-17,0,0,0,0,0,0.3333333333333333,0.38461538461538464,-0.4538063392082845,-0.41377148808570074,0.1922483682800759,-0.3452932355914621,-0.11465789812936356,-0.04987676872419511,-0.4786265689247954,Strong Decline,2025-12-11 03:12:56.917270,2025-12-11 03:12:56.917483
2016-02-01,30923.50495049505,M02,2016,44X72,yes,SM,MRTSSM44X72USS,Retail: Electronics and Appliance Stores,Electronics & Appliances,Millions of Dollars,Annual (API Limitation),MRTS,-0.09333333333333327,39041.69834983498,39658.328382838285,37048.16815181518,0.038801399528213265,0.23942464458378326,0.14162895512885473,2,1,32,0.8660254037844386,0.5000000000000001,1.0,6.123233995736766e-17,0,0,0,0,0,0.08333333333333333,0.14285714285714285,-0.9947523864441484,-0.8743471033913551,0.05380914354120704,-0.09333333333333327,-0.3272524269722046,-0.16895888037742945,0.2519599022581288,Decline,2025-12-11 03:12:56.917270,2025-12-11 03:12:56.917483
2016-03-01,35471.07920792079,M03,2016,44X72,yes,SM,MRTSSM44X72USS,Retail: Electronics and Appliance Stores,Electronics & Appliances,Millions of Dollars,Annual (API Limitation),MRTS,0.1470588235294117,33500.46369636964,39514.338778877885,37158.57805280528,0.038801399528213265,0.2461986770705091,0.14162895512885473,3,1,61,1.0,6.123233995736766e-17,1.0,6.123233995736766e-17,0,0,0,1,0,0.5,0.6,-0.27609980412912316,-0.12065108529583946,-0.0984460264124523,0.1470588235294117,-0.31910496501512065,-0.023776998033727348,0.24039215686274495,Strong Growth,2025-12-11 03:12:56.917270,2025-12-11 03:12:56.917483
2016-04-01,32742.534653465344,M04,2016,44X72,yes,SM,MRTSSM44X72USS,Retail: Electronics and Appliance Stores,Electronics & Appliances,Millions of Dollars,Annual (API Limitation),MRTS,-0.07692307692307698,33045.70627062706,38550.78234323432,37260.49488448845,0.038801399528213265,0.13430411840724366,0.14162895512885473,4,2,92,0.8660254037844387,-0.49999999999999983,1.2246467991473532e-16,-1.0,0,0,0,0,0,0.16666666666666666,0.25,-0.7506383670617572,-0.5633531320517171,-0.1131168178771562,-0.07692307692307698,-0.04000000000000015,-0.15007158220418915,-0.22398190045248867,Decline,2025-12-11 03:12:56.917270,2025-12-11 03:12:56.917483
2016-05-01,34106.80693069307,M05,2016,44X72,yes,SM,MRTSSM44X72USS,Retail: Electronics and Appliance Stores,Electronics & Appliances,Millions of Dollars,Annual (API Limitation),MRTS,0.04166666666666674,34106.80693069307,36574.25264026402,37366.65825082508,0.03880139952821349,0.11205573445327045,0.14162895512885473,5,2,122,0.49999999999999994,-0.8660254037844387,1.2246467991473532e-16,-1.0,0,0,0,0,0,0.2916666666666667,0.4411764705882353,-0.5483900969449944,-0.31451841758734406,-0.08723957326475748,0.04166666666666674,0.10294117647058831,-0.2579990003369904,0.11858974358974372,Stable,2025-12-11 03:12:56.917270,2025-12-11 03:12:56.917483
2016-06-01,36380.59405940594,M06,2016,44X72,yes,SM,MRTSSM44X72USS,Retail: Electronics and Appliance Stores,Electronics & Appliances,Millions of Dollars,Annual (API Limitation),MRTS,0.06666666666666665,34409.978547854786,33955.22112211221,37479.89917491749,0.038801399528213265,0.07670999690267401,0.14162895512885473,6,2,153,1.2246467991473532e-16,-1.0,1.2246467991473532e-16,-1.0,0,0,1,1,0,0.6666666666666666,0.7777777777777778,-0.1860547036070568,0.09250362366134417,-0.08190845478893853,0.06666666666666665,0.025641025641025772,-0.30164611796422625,0.02499999999999991,Growth,2025-12-11 03:12:56.917270,2025-12-11 03:12:56.917483
2016-07-01,37290.10891089109,M07,2016,44X72,yes,SM,MRTSSM44X72USS,Retail: Electronics and Appliance Stores,Electronics & Appliances,Millions of Dollars,Annual (API Limitation),MRTS,0.02499999999999991,35925.83663366337,34485.771452145214,37595.97112211221,0.038801399528213265,0.020971762320196676,0.14162895512885473,7,3,183,-0.4999999999999998,-0.8660254037844388,-1.0,-1.8369701987210297e-16,0,1,1,0,0,0.75,0.8421052631578947,-0.05194464388778386,0.2542664378465135,-0.04442323043137318,0.02499999999999991,0.13888888888888906,0.09333333333333327,-0.04166666666666674,Stable,2025-12-11 03:12:56.917270,2025-12-11 03:12:56.917483
2016-08-01,38654.381188118816,M08,2016,44X72,yes,SM,MRTSSM44X72USS,Retail: Electronics and Appliance Stores,Electronics & Appliances,Millions of Dollars,Annual (API Limitation),MRTS,0.03658536585365857,37441.69471947195,35774.250825082505,37716.289603960395,0.038801399528213265,0.021506651961958768,0.14162895512885473,8,3,214,-0.8660254037844384,-0.5000000000000004,-1.0,-1.8369701987210297e-16,0,1,1,0,0,0.8333333333333334,0.9,0.15914988389206192,0.49855147877517564,-0.007280538127473018,0.03658536585365857,0.13333333333333353,0.25,0.011585365853658658,Stable,2025-12-11 03:12:56.917270,2025-12-11 03:12:56.917483
2016-09-01,37744.86633663366,M09,2016,44X72,yes,SM,MRTSSM44X72USS,Retail: Electronics and Appliance Stores,Electronics & Appliances,Millions of Dollars,Annual (API Limitation),MRTS,-0.02352941176470602,37896.45214521452,36153.21534653466,37833.77706270627,0.038801399528213265,0.031893340465518775,0.14162895512885473,9,3,245,-1.0,-1.8369701987210297e-16,-1.0,-1.8369701987210297e-16,0,0,0,1,0,0.6666666666666666,0.8095238095238095,-0.015125026019801384,0.31347328184723594,0.0016565906809772233,-0.02352941176470602,0.03749999999999987,0.0641025641025641,-0.06011477761836459,Stable,2025-12-11 03:12:56.917270,2025-12-11 03:12:56.917483
2016-10-01,40018.653465346535,M10,2016,44X72,yes,SM,MRTSSM44X72USS,Retail: Electronics and Appliance Stores,Electronics & Appliances,Millions of Dollars,Annual (API Limitation),MRTS,0.06024096385542177,38805.966996699666,37365.90181518152,37958.34207920792,0.03880139952821349,0.043187285236250955,0.14162895512885476,10,4,275,-0.8660254037844386,0.5000000000000001,-2.4492935982947064e-16,1.0,0,0,0,0,0,0.8333333333333334,0.9090909090909091,0.3486091547821813,0.7390197578858447,0.022330398828352464,0.06024096385542177,0.07317073170731714,0.22222222222222232,0.08377037562012779,Growth,2025-12-11 03:12:56.917270,2025-12-11 03:12:56.917483
2016-11-01,47749.52970297029,M11,2016,44X72,yes,SM,MRTSSM44X72USS,Retail: Electronics and Appliance Stores,Electronics & Appliances,Millions of Dollars,Annual (API Limitation),MRTS,0.19318181818181812,41837.683168316835,39639.68894389438,38106.970792079206,0.038801399528213265,0.10928136755298583,0.14162895512885476,11,4,306,-0.5000000000000004,0.8660254037844384,-2.4492935982947064e-16,1.0,1,0,0,0,0,0.9166666666666666,0.9565217391304348,1.5685496546194717,2.0172561658407764,0.09790104798918005,0.19318181818181812,0.23529411764705865,0.3999999999999999,0.13294085432639635,Strong Growth,2025-12-11 03:12:56.917270,2025-12-11 03:12:56.917483
2016-12-01,54116.13366336633,M12,2016,44X72,yes,SM,MRTSSM44X72USS,Retail: Electronics and Appliance Stores,Electronics & Appliances,Millions of Dollars,Annual (API Limitation),MRTS,0.1333333333333333,47294.77227722772,42595.61221122112,38275.416666666664,0.038801399528213265,0.06658028532479533,0.14162895512885476,12,4,336,-2.4492935982947064e-16,1.0,-2.4492935982947064e-16,1.0,1,0,0,1,1,1.0,1.0,2.408075860663871,2.6044496913482607,0.23564356435643563,0.1333333333333333,0.433734939759036,0.4874999999999998,-0.05984848484848482,Strong Growth,2025-12-11 03:12:56.917270,2025-12-11 03:12:56.917483
2017-01-01,35909.851485148516,M01,2017,44X72,yes,SM,MRTSSM44X72USS,Retail: Electronics and Appliance Stores,Electronics & Appliances,Millions of Dollars,Annual (API Limitation),MRTS,-0.3364298397862535,45925.171617161715,42365.569306930694,38425.67037953795,0.05286465420581088,0.29004246476844614,0.13959493642313553,1,1,1,0.49999999999999994,0.8660254037844387,1.0,6.123233995736766e-17,0,0,0,0,0,0.4166666666666667,0.5,-0.38738583947013505,-0.2829194813845701,0.19516904099654495,-0.3364298397862535,-0.1026721697109566,-0.03701403578736795,-0.4697631731195868,Strong Decline,2025-12-11 03:12:56.917270,2025-12-11 03:12:56.917483
2017-02-01,32558.265346534656,M02,2017,44X72,yes,SM,MRTSSM44X72USS,Retail: Electronics and Appliance Stores,Electronics & Appliances,Millions of Dollars,Annual (API Limitation),MRTS,-0.09333333333333327,40861.416831683164,41349.549999999996,38561.900412541254,0.05286465420581088,0.23492946744600302,0.13959493642313553,2,1,32,0.8660254037844386,0.5000000000000001,1.0,6.123233995736766e-17,0,0,0,0,0,0.08333333333333333,0.125,-0.947254220234212,-0.8518192255791317,0.05963182297919249,-0.09333333333333327,-0.31814479537147466,-0.15770827663535125,0.24309650645292025,Decline,2025-12-11 03:12:56.917270,2025-12-11 03:12:56.917483
2017-03-01,37346.245544554455,M03,2017,44X72,yes,SM,MRTSSM44X72USS,Retail: Electronics and Appliance Stores,Electronics & Appliances,Millions of Dollars,Annual (API Limitation),MRTS,0.1470588235294117,35271.45412541254,41283.113201320135,38718.164273927396,0.0528646542058111,0.24174559219887415,0.13959493642313553,3,1,60,1.0,6.123233995736766e-17,1.0,6.123233995736766e-17,0,0,0,1,0,0.5833333333333334,0.6666666666666666,-0.21854083880275338,-0.09689051414316203,-0.08902049498343206,0.1470588235294117,-0.3098870333777036,-0.010560927372852302,0.24039215686274495,Strong Growth,2025-12-11 03:12:56.917270,2025-12-11 03:12:56.917483
2017-04-01,34473.45742574257,M04,2017,44X72,yes,SM,MRTSSM44X72USS,Retail: Electronics and Appliance Stores,Electronics & Appliances,Millions of Dollars,Annual (API Limitation),MRTS,-0.07692307692307698,34792.656105610564,40358.913861386136,38862.40783828383,0.05286465420581088,0.13430411840724368,0.13959493642313553,4,2,91,0.8660254037844387,-0.49999999999999983,1.2246467991473532e-16,-1.0,0,0,0,0,0,0.25,0.2916666666666667,-0.7140733612904671,-0.5974795658140829,-0.10472206842171271,-0.07692307692307698,-0.04000000000000015,-0.13856528292251846,-0.22398190045248867,Decline,2025-12-11 03:12:56.917270,2025-12-11 03:12:56.917483
2017-05-01,35909.851485148516,M05,2017,44X72,yes,SM,MRTSSM44X72USS,Retail: Electronics and Appliance Stores,Electronics & Appliances,Millions of Dollars,Annual (API Limitation),MRTS,0.04166666666666674,35909.851485148516,38385.63415841584,39012.66155115511,0.05286465420581088,0.11205573445327047,0.13959493642313553,5,2,121,0.49999999999999994,-0.8660254037844387,1.2246467991473532e-16,-1.0,0,0,0,0,0,0.2916666666666667,0.4375,-0.5136538326960499,-0.3850383739905975,-0.0795334115294353,0.04166666666666674,0.10294117647058809,-0.24795381842442066,0.11858974358974372,Stable,2025-12-11 03:12:56.917270,2025-12-11 03:12:56.917483
2017-06-01,38303.841584158414,M06,2017,44X72,yes,SM,MRTSSM44X72USS,Retail: Electronics and Appliance Stores,Electronics & Appliances,Millions of Dollars,Annual (API Limitation),MRTS,0.06666666666666665,36229.0501650165,35750.25214521452,39172.93217821782,0.05286465420581088,0.07670999690267405,0.13959493642313553,6,2,152,1.2246467991473532e-16,-1.0,1.2246467991473532e-16,-1.0,0,0,1,1,0,0.6666666666666666,0.7083333333333334,-0.14509556084877478,-0.003837553899743025,-0.0751509230865866,0.06666666666666665,0.02564102564102555,-0.29219182910533714,0.02499999999999991,Growth,2025-12-11 03:12:56.917270,2025-12-11 03:12:56.917483
2017-07-01,39261.43762376238,M07,2017,44X72,yes,SM,MRTSSM44X72USS,Retail: Electronics and Appliance Stores,Electronics & Appliances,Millions of Dollars,Annual (API Limitation),MRTS,0.025000000000000133,37825.043564356434,36308.8498349835,39337.20957095709,0.0528646542058111,0.020971762320196617,0.13959493642313553,7,3,182,-0.4999999999999998,-0.8660254037844388,-1.0,-1.8369701987210297e-16,0,1,1,0,0,0.75,0.7916666666666666,-0.012712542548337565,0.13559173952518475,-0.03844111016245292,0.025000000000000133,0.13888888888888906,0.09333333333333349,-0.04166666666666652,Stable,2025-12-11 03:12:56.917270,2025-12-11 03:12:56.917483
2017-08-01,40697.83168316832,M08,2017,44X72,yes,SM,MRTSSM44X72USS,Retail: Electronics and Appliance Stores,Electronics & Appliances,Millions of Dollars,Annual (API Limitation),MRTS,0.03658536585365857,39421.03696369637,37665.44422442244,39507.497112211226,0.05286465420581088,0.021506651961958726,0.13959493642313553,8,3,213,-0.8660254037844384,-0.5000000000000004,-1.0,-1.8369701987210297e-16,0,1,1,0,0,0.8333333333333334,0.8333333333333334,0.1994424159753363,0.35518721255546387,-0.002188449151037935,0.03658536585365857,0.1333333333333333,0.25,0.011585365853658436,Stable,2025-12-11 03:12:56.917270,2025-12-11 03:12:56.917483
2017-09-01,39740.23564356436,M09,2017,44X72,yes,SM,MRTSSM44X72USS,Retail: Electronics and Appliance Stores,Electronics & Appliances,Millions of Dollars,Annual (API Limitation),MRTS,-0.0235294117647058,39899.83498349835,38064.44257425743,39673.777887788776,0.0528646542058111,0.03189334046551876,0.13959493642313553,9,3,244,-1.0,-1.8369701987210297e-16,-1.0,-1.8369701987210297e-16,0,0,0,1,0,0.6666666666666666,0.75,0.011183505338375482,0.16843825438076135,0.005697896891718882,-0.0235294117647058,0.03750000000000009,0.06410256410256432,-0.06011477761836437,Stable,2025-12-11 03:12:56.917270,2025-12-11 03:12:56.917483
2017-10-01,42134.22574257426,M10,2017,44X72,yes,SM,MRTSSM44X72USS,Retail: Electronics and Appliance Stores,Electronics & Appliances,Millions of Dollars,Annual (API Limitation),MRTS,0.06024096385542155,40857.43102310231,39341.23729372938,39850.075577557756,0.05286465420581088,0.04318728523625078,0.13959493642313553,10,4,274,-0.8660254037844386,0.5000000000000001,-2.4492935982947064e-16,1.0,0,0,0,0,0,0.8333333333333334,0.8333333333333334,0.38165396397793117,0.5477793018423212,0.02527863325087054,0.06024096385542155,0.07317073170731692,0.22222222222222232,0.08377037562012735,Growth,2025-12-11 03:12:56.917270,2025-12-11 03:12:56.917483
2017-11-01,50273.79207920792,M11,2017,44X72,yes,SM,MRTSSM44X72USS,Retail: Electronics and Appliance Stores,Electronics & Appliances,Millions of Dollars,Annual (API Limitation),MRTS,0.19318181818181812,44049.417821782175,41735.227392739274,40060.43077557756,0.05286465420581088,0.10928136755298574,0.13959493642313553,11,4,305,-0.5000000000000004,0.8660254037844384,-2.4492935982947064e-16,1.0,1,0,0,0,0,0.9166666666666666,0.9166666666666666,1.6153751784430381,1.8107988406765816,0.09957424243766401,0.19318181818181812,0.23529411764705865,0.3999999999999999,0.13294085432639657,Strong Growth,2025-12-11 03:12:56.917270,2025-12-11 03:12:56.917483
2017-12-01,56976.96435643564,M12,2017,44X72,yes,SM,MRTSSM44X72USS,Retail: Electronics and Appliance Stores,Electronics & Appliances,Millions of Dollars,Annual (API Limitation),MRTS,0.1333333333333333,49794.99405940594,44847.41452145215,40298.833333333336,0.05286465420581088,0.06658028532479542,0.13959493642313553,12,4,335,-2.4492935982947064e-16,1.0,-2.4492935982947064e-16,1.0,1,0,0,1,1,1.0,1.0,2.4080758606638697,2.6457366679025913,0.2356435643564355,0.1333333333333333,0.43373493975903576,0.4874999999999998,-0.05984848484848482,Strong Growth,2025-12-11 03:12:56.917270,2025-12-11 03:12:56.917483
2018-01-01,37043.61386138614,M01,2018,44X72,yes,SM,MRTSSM44X72USS,Retail: Electronics and Appliance Stores,Electronics & Appliances,Millions of Dollars,Annual (API Limitation),MRTS,-0.34984928944881555,48098.123432343236,44477.77722772277,40393.31353135313,0.03157246074121245,0.2977499151838246,0.1426810736030187,1,1,1,0.49999999999999994,0.8660254037844387,1.0,6.123233995736766e-17,0,0,0,0,0,0.3333333333333333,0.4166666666666667,-0.48771908471590336,-0.3577227697679842,0.1907446858750437,-0.34984928944881555,-0.12081892550464834,-0.056488602980598324,-0.48318262278214885,Strong Decline,2025-12-11 03:12:56.917270,2025-12-11 03:12:56.917483
2018-02-01,33586.2099009901,M02,2018,44X72,yes,SM,MRTSSM44X72USS,Retail: Electronics and Appliance Stores,Electronics & Appliances,Millions of Dollars,Annual (API Limitation),MRTS,-0.09333333333333338,42535.59603960396,43292.506930693075,40478.97557755776,0.03157246074121245,0.241744927722815,0.14268107360301874,2,1,32,0.8660254037844386,0.5000000000000001,1.0,6.123233995736766e-17,0,0,0,0,0,0.08333333333333333,0.125,-1.0185618417453142,-0.9148889233286748,0.05080712722350679,-0.09333333333333338,-0.3319340254247385,-0.17474203140703004,0.25651595611548217,Decline,2025-12-11 03:12:56.917270,2025-12-11 03:12:56.917483
2018-03-01,38525.35841584158,M03,2018,44X72,yes,SM,MRTSSM44X72USS,Retail: Electronics and Appliance Stores,Electronics & Appliances,Millions of Dollars,Annual (API Limitation),MRTS,0.1470588235294117,36385.0607260726,43090.02739273928,40577.23498349835,0.03157246074121245,0.24849765175501673,0.14268107360301874,3,1,60,1.0,6.123233995736766e-17,1.0,6.123233995736766e-17,0,0,0,1,0,0.5,0.5833333333333334,-0.30506787917713174,-0.1744628542199606,-0.10331345295288323,0.1470588235294117,-0.3238432610267682,-0.03057045858054741,0.24039215686274507,Strong Growth,2025-12-11 03:12:56.917270,2025-12-11 03:12:56.917483
2018-04-01,35561.86930693069,M04,2018,44X72,yes,SM,MRTSSM44X72USS,Retail: Electronics and Appliance Stores,Electronics & Appliances,Millions of Dollars,Annual (API Limitation),MRTS,-0.07692307692307698,35891.14587458746,41994.63465346535,40667.93597359736,0.03157246074121245,0.13430411840724368,0.14268107360301874,4,2,91,0.8660254037844387,-0.49999999999999983,1.2246467991473532e-16,-1.0,0,0,0,0,0,0.16666666666666666,0.20833333333333334,-0.7686385683975714,-0.6644060700398452,-0.11745838544919299,-0.07692307692307698,-0.04000000000000015,-0.15598616848446256,-0.22398190045248867,Decline,2025-12-11 03:12:56.917270,2025-12-11 03:12:56.917483
2018-05-01,37043.61386138614,M05,2018,44X72,yes,SM,MRTSSM44X72USS,Retail: Electronics and Appliance Stores,Electronics & Appliances,Millions of Dollars,Annual (API Limitation),MRTS,0.04166666666666674,37043.61386138614,39789.60495049504,40762.41617161716,0.03157246074121245,0.11205573445327045,0.14268107360301874,5,2,121,0.49999999999999994,-0.8660254037844387,1.2246467991473532e-16,-1.0,0,0,0,0,0,0.2916666666666667,0.3541666666666667,-0.5654329998392819,-0.4557561595311603,-0.09123115505651545,0.04166666666666674,0.10294117647058831,-0.2631625280419909,0.11858974358974372,Stable,2025-12-11 03:12:56.917270,2025-12-11 03:12:56.917483
2018-06-01,39513.18811881188,M06,2018,44X72,yes,SM,MRTSSM44X72USS,Retail: Electronics and Appliance Stores,Electronics & Appliances,Millions of Dollars,Annual (API Limitation),MRTS,0.06666666666666665,37372.8904290429,36878.97557755776,40863.195049504946,0.03157246074121245,0.07670999690267401,0.14268107360301874,6,2,152,1.2246467991473532e-16,-1.0,1.2246467991473532e-16,-1.0,0,0,1,1,0,0.5833333333333334,0.6666666666666666,-0.20626535686086347,-0.08148308850678318,-0.08541438368276424,0.06666666666666665,0.02564102564102555,-0.3065059087454033,0.02499999999999991,Growth,2025-12-11 03:12:56.917270,2025-12-11 03:12:56.917483
2018-07-01,40501.01782178218,M07,2018,44X72,yes,SM,MRTSSM44X72USS,Retail: Electronics and Appliance Stores,Electronics & Appliances,Millions of Dollars,Annual (API Limitation),MRTS,0.025000000000000133,39019.27326732673,37455.20957095709,40966.49339933994,0.03157246074121245,0.020971762320196485,0.14268107360301874,7,3,182,-0.4999999999999998,-0.8660254037844388,-1.0,-1.8369701987210297e-16,0,1,1,0,0,0.6666666666666666,0.75,-0.07131342547353446,0.05659812944539987,-0.04753201874106662,0.025000000000000133,0.13888888888888906,0.09333333333333327,-0.04166666666666652,Stable,2025-12-11 03:12:56.917270,2025-12-11 03:12:56.917483
2018-08-01,41982.762376237624,M08,2018,44X72,yes,SM,MRTSSM44X72USS,Retail: Electronics and Appliance Stores,Electronics & Appliances,Millions of Dollars,Annual (API Limitation),MRTS,0.03658536585365857,40665.656105610564,38854.63498349835,41073.570957095704,0.03157246074121245,0.021506651961958594,0.14268107360301874,8,3,213,-0.8660254037844384,-0.5000000000000004,-1.0,-1.8369701987210297e-16,0,1,1,0,0,0.75,0.7916666666666666,0.13917098664632652,0.2742003043361753,-0.00993132182033154,0.03658536585365857,0.1333333333333333,0.25,0.011585365853658436,Stable,2025-12-11 03:12:56.917270,2025-12-11 03:12:56.917483
2018-09-01,40994.93267326733,M09,2018,44X72,yes,SM,MRTSSM44X72USS,Retail: Electronics and Appliance Stores,Electronics & Appliances,Millions of Dollars,Annual (API Limitation),MRTS,-0.0235294117647058,41159.57095709571,39266.23069306931,41178.12904290429,0.03157246074121245,0.03189334046551866,0.14268107360301874,9,3,244,-1.0,-1.8369701987210297e-16,-1.0,-1.8369701987210297e-16,0,0,0,1,0,0.6666666666666666,0.75,-0.028099082735249536,0.09253450706207825,-0.000450678217780253,-0.0235294117647058,0.03750000000000009,0.0641025641025641,-0.06011477761836437,Stable,2025-12-11 03:12:56.917270,2025-12-11 03:12:56.917483
2018-10-01,43464.50693069307,M10,2018,44X72,yes,SM,MRTSSM44X72USS,Retail: Electronics and Appliance Stores,Electronics & Appliances,Millions of Dollars,Annual (API Limitation),MRTS,0.06024096385542155,42147.400660066014,40583.33696369637,41288.98580858086,0.03157246074121245,0.04318728523625071,0.14268107360301874,10,4,274,-0.8660254037844386,0.5000000000000001,-2.4492935982947064e-16,1.0,0,0,0,0,0,0.8333333333333334,0.8333333333333334,0.3322097730454312,0.4685136225635789,0.020790407772785627,0.06024096385542155,0.07317073170731692,0.22222222222222232,0.08377037562012735,Growth,2025-12-11 03:12:56.917270,2025-12-11 03:12:56.917483
2018-11-01,51861.05940594059,M11,2018,44X72,yes,SM,MRTSSM44X72USS,Retail: Electronics and Appliance Stores,Electronics & Appliances,Millions of Dollars,Annual (API Limitation),MRTS,0.19318181818181812,45440.166336633665,43052.91122112211,41421.25808580858,0.03157246074121267,0.10928136755298572,0.14268107360301874,11,4,305,-0.5000000000000004,0.8660254037844384,-2.4492935982947064e-16,1.0,1,0,0,0,0,0.9166666666666666,0.9166666666666666,1.5445190504965016,1.7271864324931836,0.09702525796052566,0.19318181818181812,0.23529411764705865,0.3999999999999999,0.13294085432639657,Strong Growth,2025-12-11 03:12:56.917270,2025-12-11 03:12:56.917483
2018-12-01,58775.86732673267,M12,2018,44X72,yes,SM,MRTSSM44X72USS,Retail: Electronics and Appliance Stores,Electronics & Appliances,Millions of Dollars,Annual (API Limitation),MRTS,0.1333333333333333,51367.144554455444,46263.35775577557,41571.166666666664,0.03157246074121245,0.06658028532479539,0.14268107360301874,12,4,335,-2.4492935982947064e-16,1.0,-2.4492935982947064e-16,1.0,1,0,0,1,1,1.0,1.0,2.40807586066387,2.581122598376995,0.2356435643564357,0.1333333333333333,0.433734939759036,0.4874999999999998,-0.05984848484848482,Strong Growth,2025-12-11 03:12:56.917270,2025-12-11 03:12:56.917483
2019-01-01,38306.88118811881,M01,2019,44X72,yes,SM,MRTSSM44X72USS,Retail: Electronics and Appliance Stores,Electronics & Appliances,Millions of Dollars,Annual (API Limitation),MRTS,-0.3482549398178608,49647.93597359735,45897.668316831674,41676.43894389438,0.03410216215566053,0.2968340919572782,0.1423123965049951,1,1,1,0.49999999999999994,0.8660254037844387,1.0,6.123233995736766e-17,0,0,0,0,0,0.3333333333333333,0.4166666666666667,-0.4758704230726926,-0.3980523282186369,0.19127106901898086,-0.3482549398178608,-0.11866292998097094,-0.05417485168689584,-0.4815882731511941,Strong Decline,2025-12-11 03:12:56.917270,2025-12-11 03:12:56.917483
2019-02-01,34731.57227722772,M02,2019,44X72,yes,SM,MRTSSM44X72USS,Retail: Electronics and Appliance Stores,Electronics & Appliances,Millions of Dollars,Annual (API Limitation),MRTS,-0.09333333333333327,43938.106930693066,44689.13663366337,41771.88580858086,0.034102162155660753,0.24093224084348536,0.1423123965049951,2,1,32,0.8660254037844386,0.5000000000000001,1.0,6.123233995736766e-17,0,0,0,0,0,0.08333333333333333,0.125,-1.0102771933214159,-0.9472291432873117,0.051858351141695784,-0.09333333333333327,-0.330295742603953,-0.17271827027547138,0.25492160648452755,Decline,2025-12-11 03:12:56.917270,2025-12-11 03:12:56.917483
2019-03-01,39839.15643564356,M03,2019,44X72,yes,SM,MRTSSM44X72USS,Retail: Electronics and Appliance Stores,Electronics & Appliances,Millions of Dollars,Annual (API Limitation),MRTS,0.1470588235294117,37625.869966996695,44496.507260726066,41881.36897689769,0.034102162155660753,0.2476923961607128,0.1423123965049951,3,1,60,1.0,6.123233995736766e-17,1.0,6.123233995736766e-17,0,0,0,1,0,0.5,0.5833333333333334,-0.2949799547068327,-0.20722355046378335,-0.10160840282580984,0.1470588235294117,-0.3221851374105752,-0.028193148817571845,0.24039215686274495,Strong Growth,2025-12-11 03:12:56.917270,2025-12-11 03:12:56.917483
2019-04-01,36774.605940594054,M04,2019,44X72,yes,SM,MRTSSM44X72USS,Retail: Electronics and Appliance Stores,Electronics & Appliances,Millions of Dollars,Annual (API Limitation),MRTS,-0.07692307692307698,37115.11155115511,43381.52376237624,41982.43036303631,0.034102162155660753,0.13430411840724368,0.1423123965049951,4,2,91,0.8660254037844387,-0.49999999999999983,1.2246467991473532e-16,-1.0,0,0,0,0,0,0.16666666666666666,0.20833333333333334,-0.7624005192123863,-0.6870262898577001,-0.11593704246733312,-0.07692307692307698,-0.040000000000000036,-0.15391641278173218,-0.22398190045248867,Decline,2025-12-11 03:12:56.917270,2025-12-11 03:12:56.917483
2019-05-01,38306.88118811881,M05,2019,44X72,yes,SM,MRTSSM44X72USS,Retail: Electronics and Appliance Stores,Electronics & Appliances,Millions of Dollars,Annual (API Limitation),MRTS,0.04166666666666674,38306.88118811881,41122.49405940594,42087.702640264026,0.03410216215566053,0.11205573445327048,0.1423123965049951,5,2,121,0.49999999999999994,-0.8660254037844387,1.2246467991473532e-16,-1.0,0,0,0,0,0,0.2916666666666667,0.3541666666666667,-0.5595308037437772,-0.4756143409507224,-0.08983197501800017,0.04166666666666674,0.10294117647058809,-0.26135559846024237,0.11858974358974372,Stable,2025-12-11 03:12:56.917270,2025-12-11 03:12:56.917483
2019-06-01,40860.67326732673,M06,2019,44X72,yes,SM,MRTSSM44X72USS,Retail: Electronics and Appliance Stores,Electronics & Appliances,Millions of Dollars,Annual (API Limitation),MRTS,0.06666666666666665,38647.386798679865,38136.62838283828,42199.99306930693,0.034102162155660753,0.07670999690267406,0.1423123965049951,6,2,152,1.2246467991473532e-16,-1.0,1.2246467991473532e-16,-1.0,0,0,1,1,0,0.5833333333333334,0.6666666666666666,-0.19925734054945077,-0.10284080871326405,-0.0841849965423564,0.06666666666666665,0.025641025641025772,-0.3048052691390515,0.02499999999999991,Growth,2025-12-11 03:12:56.917270,2025-12-11 03:12:56.917483
2019-07-01,41882.1900990099,M07,2019,44X72,yes,SM,MRTSSM44X72USS,Retail: Electronics and Appliance Stores,Electronics & Appliances,Millions of Dollars,Annual (API Limitation),MRTS,0.025000000000000133,40349.91485148515,38732.51320132013,42315.09075907591,0.034102162155660753,0.020971762320196673,0.1423123965049951,7,3,182,-0.4999999999999998,-0.8660254037844388,-1.0,-1.8369701987210297e-16,0,1,1,0,0,0.6666666666666666,0.7083333333333334,-0.06459645402033276,0.03710313252981422,-0.046441491022189585,0.025000000000000133,0.13888888888888906,0.09333333333333349,-0.04166666666666652,Stable,2025-12-11 03:12:56.917270,2025-12-11 03:12:56.917483
2019-08-01,43414.46534653466,M08,2019,44X72,yes,SM,MRTSSM44X72USS,Retail: Electronics and Appliance Stores,Electronics & Appliances,Millions of Dollars,Annual (API Limitation),MRTS,0.03658536585365857,42052.44290429043,40179.66204620462,42434.39933993399,0.034102162155660753,0.021506651961958778,0.1423123965049951,8,3,213,-0.8660254037844384,-0.5000000000000004,-1.0,-1.8369701987210297e-16,0,1,1,0,0,0.75,0.7916666666666666,0.14610615754352393,0.25496246789226695,-0.00900110385877687,0.03658536585365857,0.13333333333333353,0.25,0.011585365853658436,Stable,2025-12-11 03:12:56.917270,2025-12-11 03:12:56.917483
2019-09-01,42392.94851485149,M09,2019,44X72,yes,SM,MRTSSM44X72USS,Retail: Electronics and Appliance Stores,Electronics & Appliances,Millions of Dollars,Annual (API Limitation),MRTS,-0.02352941176470591,42563.201320132015,40605.29405940594,42550.90066006601,0.034102162155660753,0.03189334046551885,0.1423123965049951,9,3,244,-1.0,-1.8369701987210297e-16,-1.0,-1.8369701987210297e-16,0,0,0,1,0,0.6666666666666666,0.75,-0.023600472453588622,0.08130398791125401,0.000289081074082938,-0.02352941176470591,0.03750000000000009,0.0641025641025641,-0.06011477761836448,Stable,2025-12-11 03:12:56.917270,2025-12-11 03:12:56.917483
2019-10-01,44946.7405940594,M10,2019,44X72,yes,SM,MRTSSM44X72USS,Retail: Electronics and Appliance Stores,Electronics & Appliances,Millions of Dollars,Annual (API Limitation),MRTS,0.06024096385542155,43584.718151815185,41967.316501650166,42674.4201320132,0.034102162155660753,0.043187285236250865,0.1423123965049951,10,4,274,-0.8660254037844386,0.5000000000000001,-2.4492935982947064e-16,1.0,0,0,0,0,0,0.8333333333333334,0.8333333333333334,0.3379041319978779,0.4540751411077747,0.02133123348802356,0.06024096385542155,0.07317073170731692,0.22222222222222232,0.08377037562012746,Growth,2025-12-11 03:12:56.917270,2025-12-11 03:12:56.917483
2019-11-01,53629.63366336634,M11,2019,44X72,yes,SM,MRTSSM44X72USS,Retail: Electronics and Appliance Stores,Electronics & Appliances,Millions of Dollars,Annual (API Limitation),MRTS,0.19318181818181834,46989.77425742574,44521.10858085809,42821.80132013201,0.034102162155660753,0.10928136755298591,0.1423123965049951,11,4,305,-0.5000000000000004,0.8660254037844384,-2.4492935982947064e-16,1.0,1,0,0,0,0,0.9166666666666666,0.9166666666666666,1.5529240207638904,1.7055544603160278,0.09733296612476292,0.19318181818181834,0.23529411764705865,0.40000000000000013,0.1329408543263968,Strong Growth,2025-12-11 03:12:56.917270,2025-12-11 03:12:56.917483
2019-12-01,60780.25148514851,M12,2019,44X72,yes,SM,MRTSSM44X72USS,Retail: Electronics and Appliance Stores,Electronics & Appliances,Millions of Dollars,Annual (API Limitation),MRTS,0.1333333333333333,53118.87524752475,47841.038283828384,42988.833333333336,0.034102162155660753,0.06658028532479554,0.1423123965049951,12,4,335,-2.4492935982947064e-16,1.0,-2.4492935982947064e-16,1.0,1,0,0,1,1,1.0,1.0,2.4080758606638692,2.5894498982086627,0.23564356435643558,0.1333333333333333,0.433734939759036,0.4874999999999998,-0.05984848484848504,Strong Growth,2025-12-11 03:12:56.917270,2025-12-11 03:12:56.917483
2020-01-01,40195.69306930693,M01,2020,44X72,yes,SM,MRTSSM44X72USS,Retail: Electronics and Appliance Stores,Electronics & Appliances,Millions of Dollars,Annual (API Limitation),MRTS,-0.33867182041639565,51535.19273927392,47559.95544554456,43146.23432343234,0.0493073782726523,0.29132999593677394,0.1401078131365144,1,1,1,0.49999999999999994,0.8660254037844387,1.0,6.123233995736766e-17,0,0,0,0,0,0.4166666666666667,0.4583333333333333,-0.40423924608227646,-0.31326978600555033,0.1944308361410259,-0.33867182041639565,-0.10570393897217134,-0.04026764182379372,-0.47200515374972896,Strong Decline,2025-12-11 03:12:56.917270,2025-12-11 03:12:56.917483
2020-02-01,36444.095049504955,M02,2020,44X72,yes,SM,MRTSSM44X72USS,Retail: Electronics and Appliance Stores,Electronics & Appliances,Millions of Dollars,Annual (API Limitation),MRTS,-0.09333333333333316,45806.67986798679,46398.227062706275,43288.94455445544,0.0493073782726523,0.23606412129909718,0.1401078131365144,2,1,32,0.8660254037844386,0.5000000000000001,1.0,6.123233995736766e-17,0,0,0,0,0,0.08333333333333333,0.125,-0.9594144884370617,-0.8769389094718957,0.05816116191893202,-0.09333333333333316,-0.3204485550234252,-0.1605540973818782,0.2453384870830625,Decline,2025-12-11 03:12:56.917270,2025-12-11 03:12:56.917483
2020-03-01,41803.52079207921,M03,2020,44X72,yes,SM,MRTSSM44X72USS,Retail: Electronics and Appliance Stores,Electronics & Appliances,Millions of Dollars,Annual (API Limitation),MRTS,0.1470588235294117,39481.10297029703,46299.98910891089,43452.64158415842,0.0493073782726523,0.24286951942464133,0.1401078131365144,3,1,61,1.0,6.123233995736766e-17,1.0,6.123233995736766e-17,0,0,0,1,0,0.5,0.5833333333333334,-0.2332462104403147,-0.12531987965454694,-0.09139924453544136,0.1470588235294117,-0.3122186932330514,-0.013903909575097906,0.24039215686274484,Strong Growth,2025-12-11 03:12:56.917270,2025-12-11 03:12:56.917483
2020-04-01,38587.86534653465,M04,2020,44X72,yes,SM,MRTSSM44X72USS,Retail: Electronics and Appliance Stores,Electronics & Appliances,Millions of Dollars,Annual (API Limitation),MRTS,-0.07692307692307698,38945.1603960396,45240.17656765677,43603.74653465347,0.0493073782726523,0.13430411840724366,0.1401078131365144,4,2,92,0.8660254037844387,-0.49999999999999983,1.2246467991473532e-16,-1.0,0,0,0,0,0,0.25,0.2916666666666667,-0.723516712161517,-0.620111201562113,-0.10683912527818035,-0.07692307692307698,-0.040000000000000036,-0.14147578141328454,-0.22398190045248867,Decline,2025-12-11 03:12:56.917270,2025-12-11 03:12:56.917483
2020-05-01,40195.69306930693,M05,2020,44X72,yes,SM,MRTSSM44X72USS,Retail: Electronics and Appliance Stores,Electronics & Appliances,Millions of Dollars,Annual (API Limitation),MRTS,0.04166666666666674,40195.69306930693,43001.18646864686,43761.14752475247,0.0493073782726523,0.11205573445327048,0.1401078131365144,5,2,122,0.49999999999999994,-0.8660254037844387,1.2246467991473532e-16,-1.0,0,0,0,0,0,0.2916666666666667,0.3958333333333333,-0.5226402570055542,-0.4075663645095564,-0.081475341875549,0.04166666666666674,0.10294117647058809,-0.25049472980524845,0.11858974358974372,Stable,2025-12-11 03:12:56.917270,2025-12-11 03:12:56.917483
2020-06-01,42875.40594059406,M06,2020,44X72,yes,SM,MRTSSM44X72USS,Retail: Electronics and Appliance Stores,Electronics & Appliances,Millions of Dollars,Annual (API Limitation),MRTS,0.06666666666666665,40552.98811881188,40017.04554455446,43929.04191419142,0.04930737827265208,0.07670999690267405,0.1401078131365144,6,2,153,1.2246467991473532e-16,-1.0,1.2246467991473532e-16,-1.0,0,0,1,1,0,0.6666666666666666,0.7083333333333334,-0.15566258730508162,-0.028413202775136516,-0.07685243402244316,0.06666666666666665,0.02564102564102555,-0.29458327511082205,0.02499999999999991,Growth,2025-12-11 03:12:56.917270,2025-12-11 03:12:56.917483
2020-07-01,43947.29108910891,M07,2020,44X72,yes,SM,MRTSSM44X72USS,Retail: Electronics and Appliance Stores,Electronics & Appliances,Millions of Dollars,Annual (API Limitation),MRTS,0.025000000000000133,42339.46336633663,40642.31188118812,44101.13366336634,0.0493073782726523,0.020971762320196652,0.1401078131365144,7,3,183,-0.4999999999999998,-0.8660254037844388,-1.0,-1.8369701987210297e-16,0,1,1,0,0,0.75,0.7916666666666666,-0.022831647128349453,0.11140271163496587,-0.039946145386577175,0.025000000000000133,0.13888888888888906,0.09333333333333349,-0.04166666666666652,Stable,2025-12-11 03:12:56.917270,2025-12-11 03:12:56.917483
2020-08-01,45555.11881188119,M08,2020,44X72,yes,SM,MRTSSM44X72USS,Retail: Electronics and Appliance Stores,Electronics & Appliances,Millions of Dollars,Annual (API Limitation),MRTS,0.03658536585365857,44125.93861386139,42160.81584158416,44279.521452145214,0.0493073782726523,0.021506651961958757,0.1401078131365144,8,3,214,-0.8660254037844384,-0.5000000000000004,-1.0,-1.8369701987210297e-16,0,1,1,0,0,0.8333333333333334,0.8333333333333334,0.18907184688404735,0.3307205860665744,-0.0034684846007156205,0.03658536585365857,0.13333333333333353,0.25,0.011585365853658436,Stable,2025-12-11 03:12:56.917270,2025-12-11 03:12:56.917483
2020-09-01,44483.233663366336,M09,2020,44X72,yes,SM,MRTSSM44X72USS,Retail: Electronics and Appliance Stores,Electronics & Appliances,Millions of Dollars,Annual (API Limitation),MRTS,-0.02352941176470591,44661.88118811881,42607.434653465345,44453.71188118812,0.04930737827265208,0.03189334046551883,0.1401078131365144,9,3,245,-1.0,-1.8369701987210297e-16,-1.0,-1.8369701987210297e-16,0,0,0,1,0,0.6666666666666666,0.75,0.004392845241515711,0.1479350749765609,0.004682832954131297,-0.02352941176470591,0.03750000000000009,0.0641025641025641,-0.06011477761836448,Stable,2025-12-11 03:12:56.917270,2025-12-11 03:12:56.917483
2020-10-01,47162.94653465346,M10,2020,44X72,yes,SM,MRTSSM44X72USS,Retail: Electronics and Appliance Stores,Electronics & Appliances,Millions of Dollars,Annual (API Limitation),MRTS,0.06024096385542155,45733.76633663367,44036.61485148515,44638.395709570956,0.0493073782726523,0.04318728523625085,0.1401078131365144,10,4,275,-0.8660254037844386,0.5000000000000001,-2.4492935982947064e-16,1.0,0,0,0,0,0,0.8333333333333334,0.8333333333333334,0.3731503845440806,0.5255033358786547,0.024538754353751472,0.06024096385542155,0.07317073170731692,0.22222222222222232,0.08377037562012746,Growth,2025-12-11 03:12:56.917270,2025-12-11 03:12:56.917483
2020-11-01,56273.9702970297,M11,2020,44X72,yes,SM,MRTSSM44X72USS,Retail: Electronics and Appliance Stores,Electronics & Appliances,Millions of Dollars,Annual (API Limitation),MRTS,0.19318181818181812,49306.71683168316,46716.32772277228,44858.75709570957,0.04930737827265208,0.1092813675529858,0.1401078131365144,11,4,306,-0.5000000000000004,0.8660254037844384,-2.4492935982947064e-16,1.0,1,0,0,0,0,0.9166666666666666,0.9166666666666666,1.6035251764561567,1.785649542376499,0.09915476985872641,0.19318181818181812,0.23529411764705865,0.3999999999999999,0.13294085432639657,Strong Growth,2025-12-11 03:12:56.917270,2025-12-11 03:12:56.917483
2020-12-01,63777.16633663366,M12,2020,44X72,yes,SM,MRTSSM44X72USS,Retail: Electronics and Appliance Stores,Electronics & Appliances,Millions of Dollars,Annual (API Limitation),MRTS,0.1333333333333333,55738.027722772276,50199.95445544554,45108.5,0.04930737827265208,0.06658028532479542,0.1401078131365144,12,4,336,-2.4492935982947064e-16,1.0,-2.4492935982947064e-16,1.0,1,0,0,1,1,1.0,1.0,2.4080758606638706,2.6357983957570332,0.23564356435643563,0.1333333333333333,0.433734939759036,0.48750000000000004,-0.05984848484848482,Strong Growth,2025-12-11 03:12:56.917270,2025-12-11 03:12:56.917483
2021-01-01,46401.53465346534,M01,2021,44X72,yes,SM,MRTSSM44X72USS,Retail: Electronics and Appliance Stores,Electronics & Appliances,Millions of Dollars,Annual (API Limitation),MRTS,-0.27244282995351166,55484.223762376234,50608.99504950495,45625.65346534653,0.15439070980709468,0.2533253667985112,0.1254818313510116,1,1,1,0.49999999999999994,0.8660254037844387,1.0,6.123233995736766e-17,0,0,0,0,0,0.75,0.7916666666666666,0.10208281489922708,0.27249842896244614,0.21607515834304622,-0.27244282995351166,-0.016144281414407935,0.055845161408927924,-0.40577616328684496,Strong Decline,2025-12-11 03:12:56.917270,2025-12-11 03:12:56.917483
2021-02-01,42070.72475247525,M02,2021,44X72,yes,SM,MRTSSM44X72USS,Retail: Electronics and Appliance Stores,Electronics & Appliances,Millions of Dollars,Annual (API Limitation),MRTS,-0.09333333333333316,50749.80858085808,50028.26270627062,46094.539273927396,0.15439070980709468,0.2033520282044186,0.1254818313510116,2,1,32,0.8660254037844386,0.5000000000000001,1.0,6.123233995736766e-17,0,0,0,0,0,0.3333333333333333,0.4583333333333333,-0.5633748886559528,-0.3677583474574697,0.10099394375688792,-0.09333333333333316,-0.2523945879344528,-0.07648743215432419,0.1791094966201785,Decline,2025-12-11 03:12:56.917270,2025-12-11 03:12:56.917483
2021-03-01,48257.59603960396,M03,2021,44X72,yes,SM,MRTSSM44X72USS,Retail: Electronics and Appliance Stores,Electronics & Appliances,Millions of Dollars,Annual (API Limitation),MRTS,0.1470588235294117,45576.618481848185,50657.323102310234,46632.378877887786,0.15439070980709468,0.21049554157414804,0.1254818313510116,3,1,60,1.0,6.123233995736766e-17,1.0,6.123233995736766e-17,0,0,0,1,0,0.8333333333333334,0.8333333333333334,0.23111765249952662,0.4537981787857467,-0.02264007158640202,0.1470588235294117,-0.2433405431516521,0.08484910078257091,0.24039215686274484,Strong Growth,2025-12-11 03:12:56.917270,2025-12-11 03:12:56.917483
2021-04-01,44545.47326732673,M04,2021,44X72,yes,SM,MRTSSM44X72USS,Retail: Electronics and Appliance Stores,Electronics & Appliances,Millions of Dollars,Annual (API Limitation),MRTS,-0.07692307692307698,44957.93135313532,50221.07755775577,47128.846204620466,0.15439070980709468,0.13430411840724377,0.1254818313510116,4,2,91,0.8660254037844387,-0.49999999999999983,1.2246467991473532e-16,-1.0,0,0,0,0,0,0.5,0.625,-0.3908247539994366,-0.11957153119430458,-0.04606339909234428,-0.07692307692307698,-0.040000000000000036,-0.05549851015783158,-0.22398190045248867,Decline,2025-12-11 03:12:56.917270,2025-12-11 03:12:56.917483
2021-05-01,46401.53465346534,M05,2021,44X72,yes,SM,MRTSSM44X72USS,Retail: Electronics and Appliance Stores,Electronics & Appliances,Millions of Dollars,Annual (API Limitation),MRTS,0.04166666666666674,46401.53465346534,48575.671617161715,47645.999669966994,0.15439070980709468,0.1120557344532706,0.1254818313510116,5,2,121,0.49999999999999994,-0.8660254037844387,1.2246467991473532e-16,-1.0,0,0,0,0,0,0.625,0.7291666666666666,-0.1990716619529492,0.10417875285110327,-0.02611898218364136,0.04166666666666674,0.10294117647058809,-0.17543520728064665,0.11858974358974372,Stable,2025-12-11 03:12:56.917270,2025-12-11 03:12:56.917483
2021-06-01,49494.9702970297,M06,2021,44X72,yes,SM,MRTSSM44X72USS,Retail: Electronics and Appliance Stores,Electronics & Appliances,Millions of Dollars,Annual (API Limitation),MRTS,0.06666666666666665,46813.99273927393,46195.30561056105,48197.630033003305,0.15439070980709468,0.07670999690267423,0.1254818313510116,6,2,152,1.2246467991473532e-16,-1.0,1.2246467991473532e-16,-1.0,0,0,1,1,0,0.8333333333333334,0.8333333333333334,0.21331271652056924,0.5152609968578388,-0.028707579455295482,0.06666666666666665,0.02564102564102555,-0.2239390186170791,0.02499999999999991,Growth,2025-12-11 03:12:56.917270,2025-12-11 03:12:56.917483
2021-07-01,50732.34455445545,M07,2021,44X72,yes,SM,MRTSSM44X72USS,Retail: Electronics and Appliance Stores,Electronics & Appliances,Millions of Dollars,Annual (API Limitation),MRTS,0.025000000000000133,48876.283168316826,46917.10726072607,48763.051155115514,0.15439070980709468,0.02097176232019731,0.1254818313510116,7,3,182,-0.4999999999999998,-0.8660254037844388,-1.0,-1.8369701987210297e-16,0,1,1,0,0,0.8333333333333334,0.8333333333333334,0.3301371267537609,0.6453509200468587,0.00232208630344152,0.025000000000000133,0.13888888888888906,0.09333333333333349,-0.04166666666666652,Stable,2025-12-11 03:12:56.917270,2025-12-11 03:12:56.917483
2021-08-01,52588.405940594064,M08,2021,44X72,yes,SM,MRTSSM44X72USS,Retail: Electronics and Appliance Stores,Electronics & Appliances,Millions of Dollars,Annual (API Limitation),MRTS,0.03658536585365857,50938.57359735974,48670.05412541254,49349.15841584158,0.15439070980709468,0.021506651961959403,0.1254818313510116,8,3,213,-0.8660254037844384,-0.5000000000000004,-1.0,-1.8369701987210297e-16,0,1,1,0,0,0.8333333333333334,0.8333333333333334,0.542882597081789,0.8559971396797239,0.032207543807027575,0.03658536585365857,0.13333333333333353,0.25,0.011585365853658436,Stable,2025-12-11 03:12:56.917270,2025-12-11 03:12:56.917483
2021-09-01,51351.031683168316,M09,2021,44X72,yes,SM,MRTSSM44X72USS,Retail: Electronics and Appliance Stores,Electronics & Appliances,Millions of Dollars,Annual (API Limitation),MRTS,-0.02352941176470602,51557.260726072614,49185.62673267326,49921.47491749175,0.15439070980709468,0.03189334046551933,0.1254818313510116,9,3,244,-1.0,-1.8369701987210297e-16,-1.0,-1.8369701987210297e-16,0,0,0,1,0,0.75,0.7916666666666666,0.24714961610452454,0.6179064135721929,0.03276717707728837,-0.02352941176470602,0.03750000000000009,0.0641025641025641,-0.06011477761836459,Stable,2025-12-11 03:12:56.917270,2025-12-11 03:12:56.917483
2021-10-01,54444.46732673267,M10,2021,44X72,yes,SM,MRTSSM44X72USS,Retail: Electronics and Appliance Stores,Electronics & Appliances,Millions of Dollars,Annual (API Limitation),MRTS,0.06024096385542177,52794.63498349835,50835.459075907595,50528.26831683168,0.15439070980709468,0.04318728523625133,0.12548183135101162,10,4,274,-0.8660254037844386,0.5000000000000001,-2.4492935982947064e-16,1.0,0,0,0,0,0,0.8333333333333334,0.875,0.6694306983667209,0.9975337818064176,0.04485344030505217,0.06024096385542177,0.07317073170731692,0.22222222222222232,0.08377037562012779,Growth,2025-12-11 03:12:56.917270,2025-12-11 03:12:56.917483
2021-11-01,64962.148514851484,M11,2021,44X72,yes,SM,MRTSSM44X72USS,Retail: Electronics and Appliance Stores,Electronics & Appliances,Millions of Dollars,Annual (API Limitation),MRTS,0.19318181818181812,56919.21584158416,53928.89471947195,51252.28316831684,0.15439070980709468,0.10928136755298595,0.12548183135101162,11,4,305,-0.5000000000000004,0.8660254037844384,-2.4492935982947064e-16,1.0,1,0,0,0,0,1.0,1.0,1.9468724134173534,2.208224111022787,0.11056937023969517,0.19318181818181812,0.23529411764705865,0.40000000000000013,0.13294085432639635,Strong Growth,2025-12-11 03:12:56.917270,2025-12-11 03:12:56.917483
2021-12-01,73623.76831683167,M12,2021,44X72,yes,SM,MRTSSM44X72USS,Retail: Electronics and Appliance Stores,Electronics & Appliances,Millions of Dollars,Annual (API Limitation),MRTS,0.13333333333333308,64343.46138613861,57950.361056105605,52072.833333333336,0.15439070980709468,0.06658028532479551,0.1254818313510116,12,4,335,-2.4492935982947064e-16,1.0,-2.4492935982947064e-16,1.0,1,0,0,1,1,1.0,1.0,2.4080758606638724,2.804012288034655,0.2356435643564355,0.13333333333333308,0.433734939759036,0.4874999999999998,-0.05984848484848504,Strong Growth,2025-12-11 03:12:56.917270,2025-12-11 03:12:56.917483
2022-01-01,49653.787128712866,M01,2022,44X72,yes,SM,MRTSSM44X72USS,Retail: Electronics and Appliance Stores,Electronics & Appliances,Millions of Dollars,Annual (API Limitation),MRTS,-0.3255739516750442,62746.56798679868,57770.601485148516,52343.85437293729,0.0700893300089298,0.28380899860416847,0.13712761158661738,1,1,1,0.49999999999999994,0.8660254037844387,1.0,6.123233995736766e-17,0,0,0,0,0,0.5,0.6666666666666666,-0.3053340326740688,0.07647968075614521,0.19873801305774255,-0.3255739516750442,-0.08799204828784402,-0.021259759138174128,-0.4589072850083773,Strong Decline,2025-12-11 03:12:56.917270,2025-12-11 03:12:56.917483
2022-02-01,45019.43366336634,M02,2022,44X72,yes,SM,MRTSSM44X72USS,Retail: Electronics and Appliance Stores,Electronics & Appliances,Millions of Dollars,Annual (API Limitation),MRTS,-0.09333333333333316,56098.99636963696,56509.106105610554,52589.58011551155,0.0700893300089298,0.22945928426748474,0.13712761158661738,2,1,32,0.8660254037844386,0.5000000000000001,1.0,6.123233995736766e-17,0,0,0,0,0,0.16666666666666666,0.375,-0.887007969059393,-0.5157778089575423,0.06673215961065057,-0.09333333333333316,-0.3069897672323121,-0.14392853599285615,0.23224061834171106,Decline,2025-12-11 03:12:56.917270,2025-12-11 03:12:56.917483
2022-03-01,51639.938613861385,M03,2022,44X72,yes,SM,MRTSSM44X72USS,Retail: Electronics and Appliance Stores,Electronics & Appliances,Millions of Dollars,Annual (API Limitation),MRTS,0.1470588235294117,48771.05313531353,56557.257260726066,52871.44199669967,0.0700893300089298,0.2363281031695585,0.13712761158661738,3,1,60,1.0,6.123233995736766e-17,1.0,6.123233995736766e-17,0,0,0,1,0,0.6666666666666666,0.75,-0.14602248195397513,0.2292588181105505,-0.07755394418109676,0.1470588235294117,-0.2985969097420459,0.005626117357789395,0.24039215686274484,Strong Growth,2025-12-11 03:12:56.917270,2025-12-11 03:12:56.917483
2022-04-01,47667.635643564354,M04,2022,44X72,yes,SM,MRTSSM44X72USS,Retail: Electronics and Appliance Stores,Electronics & Appliances,Millions of Dollars,Annual (API Limitation),MRTS,-0.07692307692307698,48109.00264026403,55427.78531353135,53131.622194719464,0.0700893300089298,0.13430411840724368,0.13712761158661738,4,2,91,0.8660254037844387,-0.49999999999999983,1.2246467991473532e-16,-1.0,0,0,0,0,0,0.25,0.5,-0.6664760756147385,-0.31164225848186045,-0.09453164324718498,-0.07692307692307698,-0.039999999999999925,-0.12447236635633019,-0.22398190045248867,Decline,2025-12-11 03:12:56.917270,2025-12-11 03:12:56.917483
2022-05-01,49653.787128712866,M05,2022,44X72,yes,SM,MRTSSM44X72USS,Retail: Electronics and Appliance Stores,Electronics & Appliances,Millions of Dollars,Annual (API Limitation),MRTS,0.04166666666666652,49653.787128712866,52876.39174917491,53402.64323432343,0.0700893300089298,0.11205573445327052,0.13712761158661735,5,2,121,0.49999999999999994,-0.8660254037844387,1.2246467991473532e-16,-1.0,0,0,0,0,0,0.375,0.6041666666666666,-0.4681890746169055,-0.11430833596285321,-0.0701998230529732,0.04166666666666652,0.10294117647058809,-0.23565047856505017,0.1185897435897435,Stable,2025-12-11 03:12:56.917270,2025-12-11 03:12:56.917483
2022-06-01,52964.039603960395,M06,2022,44X72,yes,SM,MRTSSM44X72USS,Retail: Electronics and Appliance Stores,Electronics & Appliances,Millions of Dollars,Annual (API Limitation),MRTS,0.06666666666666687,50095.15412541254,49433.10363036303,53691.732343234326,0.0700893300089298,0.07670999690267417,0.13712761158661738,6,2,152,1.2246467991473532e-16,-1.0,1.2246467991473532e-16,-1.0,0,0,1,1,0,0.75,0.7916666666666666,-0.09193459880560935,0.2709899659391578,-0.06698569893088928,0.06666666666666687,0.02564102564102555,-0.2806122151200471,0.025000000000000355,Growth,2025-12-11 03:12:56.917270,2025-12-11 03:12:56.917483
2022-07-01,54288.140594059405,M07,2022,44X72,yes,SM,MRTSSM44X72USS,Retail: Electronics and Appliance Stores,Electronics & Appliances,Millions of Dollars,Annual (API Limitation),MRTS,0.02499999999999991,52301.98910891089,50205.495874587454,53988.048679867985,0.0700893300089298,0.02097176232019719,0.13712761158661735,7,3,182,-0.4999999999999998,-0.8660254037844388,-1.0,-1.8369701987210297e-16,0,1,1,0,0,0.75,0.7916666666666666,0.03817554566166474,0.3974866075812962,-0.0312302372874206,0.02499999999999991,0.13888888888888884,0.09333333333333349,-0.04166666666666696,Stable,2025-12-11 03:12:56.917270,2025-12-11 03:12:56.917483
2022-08-01,56274.292079207924,M08,2022,44X72,yes,SM,MRTSSM44X72USS,Retail: Electronics and Appliance Stores,Electronics & Appliances,Millions of Dollars,Annual (API Limitation),MRTS,0.03658536585365857,54508.824092409246,52081.30561056105,54295.20585808581,0.0700893300089298,0.021506651961959267,0.13712761158661735,8,3,213,-0.8660254037844384,-0.5000000000000004,-1.0,-1.8369701987210297e-16,0,1,1,0,0,0.8333333333333334,0.875,0.25137057732570234,0.6112282620913083,0.003934384830988294,0.03658536585365857,0.13333333333333353,0.25,0.011585365853658658,Stable,2025-12-11 03:12:56.917270,2025-12-11 03:12:56.917483
2022-09-01,54950.191089108914,M09,2022,44X72,yes,SM,MRTSSM44X72USS,Retail: Electronics and Appliance Stores,Electronics & Appliances,Millions of Dollars,Annual (API Limitation),MRTS,-0.02352941176470591,55170.874587458755,52633.01435643565,54595.13580858085,0.0700893300089298,0.03189334046551899,0.13712761158661735,9,3,244,-1.0,-1.8369701987210297e-16,-1.0,-1.8369701987210297e-16,0,0,0,1,0,0.75,0.7916666666666666,0.04540815216952845,0.37716125362150776,0.010545605764156946,-0.02352941176470591,0.03750000000000009,0.0641025641025641,-0.06011477761836448,Stable,2025-12-11 03:12:56.917270,2025-12-11 03:12:56.917483
2022-10-01,58260.44356435643,M10,2022,44X72,yes,SM,MRTSSM44X72USS,Retail: Electronics and Appliance Stores,Electronics & Appliances,Millions of Dollars,Annual (API Limitation),MRTS,0.06024096385542155,56494.97557755776,54398.482343234326,54913.133828382845,0.07008933000892958,0.043187285236251004,0.13712761158661735,10,4,274,-0.8660254037844386,0.5000000000000001,-2.4492935982947064e-16,1.0,0,0,0,0,0,0.8333333333333334,0.875,0.42425844033118537,0.7745472880974918,0.028806255241570457,0.06024096385542155,0.07317073170731692,0.2222222222222221,0.08377037562012746,Growth,2025-12-11 03:12:56.917270,2025-12-11 03:12:56.917483
2022-11-01,69515.30198019801,M11,2022,44X72,yes,SM,MRTSSM44X72USS,Retail: Electronics and Appliance Stores,Electronics & Appliances,Millions of Dollars,Annual (API Limitation),MRTS,0.19318181818181812,60908.645544554456,57708.73481848185,55292.56328382838,0.0700893300089298,0.10928136755298586,0.13712761158661735,11,4,305,-0.5000000000000004,0.8660254037844384,-2.4492935982947064e-16,1.0,1,0,0,0,0,0.9166666666666666,0.9583333333333334,1.6727377394018272,2.0537374291715484,0.10157030036566661,0.19318181818181812,0.23529411764705865,0.3999999999999999,0.13294085432639657,Strong Growth,2025-12-11 03:12:56.917270,2025-12-11 03:12:56.917483
2022-12-01,78784.00891089109,M12,2022,44X72,yes,SM,MRTSSM44X72USS,Retail: Electronics and Appliance Stores,Electronics & Appliances,Millions of Dollars,Annual (API Limitation),MRTS,0.13333333333333353,68853.25148514852,62012.063036303625,55722.58333333332,0.07008933000893003,0.06658028532479553,0.13712761158661738,12,4,335,-2.4492935982947064e-16,1.0,-2.4492935982947064e-16,1.0,1,0,0,1,1,1.0,1.0,2.4080758606638755,2.6891474126687274,0.23564356435643596,0.13333333333333353,0.4337349397590362,0.48750000000000004,-0.059848484848484595,Strong Growth,2025-12-11 03:12:56.917270,2025-12-11 03:12:56.917483
2023-01-01,51193.29207920792,M01,2023,44X72,yes,SM,MRTSSM44X72USS,Retail: Electronics and Appliance Stores,Electronics & Appliances,Millions of Dollars,Annual (API Limitation),MRTS,-0.3502070688341049,66497.53432343235,61496.25495049505,55850.875412541245,0.03100478411655372,0.2979554340834971,0.14276387948277988,1,1,1,0.49999999999999994,0.8660254037844387,1.0,6.123233995736766e-17,0,0,0,0,0,0.3333333333333333,0.4583333333333333,-0.49037513381851744,-0.3178529657967193,0.1906265359719037,-0.3502070688341049,-0.12130274080975545,-0.0570078194055913,-0.48354040216743843,Strong Decline,2025-12-11 03:12:56.917270,2025-12-11 03:12:56.917483
2023-02-01,46415.25148514852,M02,2023,44X72,yes,SM,MRTSSM44X72USS,Retail: Electronics and Appliance Stores,Electronics & Appliances,Millions of Dollars,Annual (API Limitation),MRTS,-0.09333333333333316,58797.517491749175,59853.08151815182,55967.19356435644,0.031004784116553497,0.24192740450258585,0.14276387948277988,2,1,32,0.8660254037844386,0.5000000000000001,1.0,6.123233995736766e-17,0,0,0,0,0,0.08333333333333333,0.16666666666666666,-1.02041394186413,-0.8806725729334507,0.050571124745394894,-0.09333333333333316,-0.33230166361975566,-0.17519617270675714,0.25687373550077175,Decline,2025-12-11 03:12:56.917270,2025-12-11 03:12:56.917483
2023-03-01,53241.02376237624,M03,2023,44X72,yes,SM,MRTSSM44X72USS,Retail: Electronics and Appliance Stores,Electronics & Appliances,Millions of Dollars,Annual (API Limitation),MRTS,0.1470588235294117,50283.18910891089,59568.2202970297,56100.61732673267,0.031004784116553497,0.2486784646819154,0.14276387948277988,3,1,60,1.0,6.123233995736766e-17,1.0,6.123233995736766e-17,0,0,0,1,0,0.5,0.625,-0.30732430219567536,-0.14083845074713836,-0.10369633160970043,0.1470588235294117,-0.32421535158746906,-0.031103937818178662,0.24039215686274484,Strong Growth,2025-12-11 03:12:56.917270,2025-12-11 03:12:56.917483
2023-04-01,49145.5603960396,M04,2023,44X72,yes,SM,MRTSSM44X72USS,Retail: Electronics and Appliance Stores,Electronics & Appliances,Millions of Dollars,Annual (API Limitation),MRTS,-0.0769230769230771,49600.61188118812,58049.073102310234,56223.777722772276,0.031004784116553497,0.1343041184072438,0.14276387948277988,4,2,91,0.8660254037844387,-0.49999999999999983,1.2246467991473532e-16,-1.0,0,0,0,0,0,0.16666666666666666,0.20833333333333334,-0.7700294333970898,-0.6385825709009985,-0.11780008583275227,-0.0769230769230771,-0.040000000000000036,-0.15645063117736524,-0.22398190045248878,Decline,2025-12-11 03:12:56.917270,2025-12-11 03:12:56.917483
2023-05-01,51193.29207920792,M05,2023,44X72,yes,SM,MRTSSM44X72USS,Retail: Electronics and Appliance Stores,Electronics & Appliances,Millions of Dollars,Annual (API Limitation),MRTS,0.04166666666666674,51193.292079207924,54995.404785478546,56352.0698019802,0.03100478411655372,0.11205573445327068,0.14276387948277988,5,2,121,0.49999999999999994,-0.8660254037844387,1.2246467991473532e-16,-1.0,0,0,0,0,0,0.2916666666666667,0.3958333333333333,-0.5667483996626307,-0.43249701065268203,-0.09154548787471509,0.04166666666666674,0.10294117647058809,-0.2635680113453188,0.11858974358974383,Stable,2025-12-11 03:12:56.917270,2025-12-11 03:12:56.917483
2023-06-01,54606.17821782178,M06,2023,44X72,yes,SM,MRTSSM44X72USS,Retail: Electronics and Appliance Stores,Electronics & Appliances,Millions of Dollars,Annual (API Limitation),MRTS,0.06666666666666687,51648.34356435644,50965.76633663367,56488.91468646864,0.03100478411655372,0.07670999690267441,0.14276387948277988,6,2,152,1.2246467991473532e-16,-1.0,1.2246467991473532e-16,-1.0,0,0,1,1,0,0.5833333333333334,0.7083333333333334,-0.20782849043334314,-0.057354657491634146,-0.08569063769376534,0.06666666666666687,0.025641025641025772,-0.30688754008971186,0.025000000000000133,Growth,2025-12-11 03:12:56.917270,2025-12-11 03:12:56.917483
2023-07-01,55971.33267326733,M07,2023,44X72,yes,SM,MRTSSM44X72USS,Retail: Electronics and Appliance Stores,Electronics & Appliances,Millions of Dollars,Annual (API Limitation),MRTS,0.025000000000000133,53923.60099009902,51762.10643564357,56629.180693069306,0.03100478411655372,0.020971762320197557,0.14276387948277988,7,3,182,-0.4999999999999998,-0.8660254037844388,-1.0,-1.8369701987210297e-16,0,1,1,0,0,0.6666666666666666,0.75,-0.07281177435088634,0.07897726786954316,-0.04777712956213433,0.025000000000000133,0.13888888888888906,0.09333333333333349,-0.04166666666666674,Stable,2025-12-11 03:12:56.917270,2025-12-11 03:12:56.917483
2023-08-01,58019.06435643565,M08,2023,44X72,yes,SM,MRTSSM44X72USS,Retail: Electronics and Appliance Stores,Electronics & Appliances,Millions of Dollars,Annual (API Limitation),MRTS,0.03658536585365857,56198.85841584159,53696.07524752475,56774.578382838285,0.03100478411655372,0.021506651961959646,0.14276387948277988,8,3,213,-0.8660254037844384,-0.5000000000000004,-1.0,-1.8369701987210297e-16,0,1,1,0,0,0.75,0.7916666666666666,0.1376229981018678,0.2961604023278306,-0.010140453410583523,0.03658536585365857,0.13333333333333353,0.25,0.011585365853658436,Stable,2025-12-11 03:12:56.917270,2025-12-11 03:12:56.917483
2023-09-01,56653.909900990104,M09,2023,44X72,yes,SM,MRTSSM44X72USS,Retail: Electronics and Appliance Stores,Electronics & Appliances,Millions of Dollars,Annual (API Limitation),MRTS,-0.02352941176470591,56881.435643564364,54264.88960396039,56916.55495049505,0.03100478411655372,0.031893340465519344,0.14276387948277988,9,3,244,-1.0,-1.8369701987210297e-16,-1.0,-1.8369701987210297e-16,0,0,0,1,0,0.6666666666666666,0.75,-0.029102502226600324,0.10764742357150818,-0.0006170314939340393,-0.02352941176470591,0.03750000000000009,0.0641025641025641,-0.06011477761836448,Stable,2025-12-11 03:12:56.917270,2025-12-11 03:12:56.917483
2023-10-01,60066.796039603956,M10,2023,44X72,yes,SM,MRTSSM44X72USS,Retail: Electronics and Appliance Stores,Electronics & Appliances,Millions of Dollars,Annual (API Limitation),MRTS,0.06024096385542155,58246.59009900991,56085.09554455446,57067.08432343233,0.03100478411655372,0.04318728523625123,0.14276387948277988,10,4,274,-0.8660254037844386,0.5000000000000001,-2.4492935982947064e-16,1.0,0,0,0,0,0,0.8333333333333334,0.8333333333333334,0.33093845511303904,0.48630040476429764,0.020668758349254943,0.06024096385542155,0.07317073170731692,0.22222222222222232,0.08377037562012746,Growth,2025-12-11 03:12:56.917270,2025-12-11 03:12:56.917483
2023-11-01,71670.60891089108,M11,2023,44X72,yes,SM,MRTSSM44X72USS,Retail: Electronics and Appliance Stores,Electronics & Appliances,Millions of Dollars,Annual (API Limitation),MRTS,0.19318181818181812,62797.10495049506,59497.98168316833,57246.69323432343,0.031004784116553497,0.10928136755298595,0.14276387948277988,11,4,305,-0.5000000000000004,0.8660254037844384,-2.4492935982947064e-16,1.0,1,0,0,0,0,0.9166666666666666,0.9166666666666666,1.5426336532488512,1.7507368930705334,0.09695602317940985,0.19318181818181812,0.23529411764705865,0.3999999999999999,0.13294085432639657,Strong Growth,2025-12-11 03:12:56.917270,2025-12-11 03:12:56.917483
2023-12-01,81226.6900990099,M12,2023,44X72,yes,SM,MRTSSM44X72USS,Retail: Electronics and Appliance Stores,Electronics & Appliances,Millions of Dollars,Annual (API Limitation),MRTS,0.1333333333333333,70988.03168316832,63934.73366336633,57450.25,0.031004784116553497,0.06658028532479571,0.14276387948277985,12,4,335,-2.4492935982947064e-16,1.0,-2.4492935982947064e-16,1.0,1,0,0,1,1,1.0,1.0,2.4080758606638737,2.5792295491977817,0.23564356435643563,0.1333333333333333,0.433734939759036,0.4874999999999998,-0.05984848484848482,Strong Growth,2025-12-11 03:12:56.917270,2025-12-11 03:12:56.917483
2024-01-01,53291.732673267325,M01,2024,44X72,yes,SM,MRTSSM44X72USS,Retail: Electronics and Appliance Stores,Electronics & Appliances,Millions of Dollars,Annual (API Limitation),MRTS,-0.34391352635065797,68729.67722772277,63488.13366336634,57625.12004950495,0.040990538190289305,0.29434045348183396,0.1413112117066518,1,1,1,0.49999999999999994,0.8660254037844387,1.0,6.123233995736766e-17,0,0,0,0,0,0.4166666666666667,0.4583333333333333,-0.4435046281047635,-0.36402785742038213,0.19270341074652947,-0.34391352635065797,-0.112792154951458,-0.047874507752784345,-0.4772468596839913,Strong Decline,2025-12-11 03:12:56.917270,2025-12-11 03:12:56.917483
2024-02-01,48317.83762376238,M02,2024,44X72,yes,SM,MRTSSM44X72USS,Retail: Electronics and Appliance Stores,Electronics & Appliances,Millions of Dollars,Annual (API Limitation),MRTS,-0.09333333333333316,60945.420132013205,61871.26254125413,57783.66889438943,0.040990538190289305,0.23872326237319544,0.1413112117066518,2,1,32,0.8660254037844386,0.5000000000000001,1.0,6.123233995736766e-17,0,0,0,0,0,0.08333333333333333,0.125,-0.9874604800497835,-0.9189661866931175,0.05471703853561928,-0.09333333333333316,-0.3258346990767649,-0.1672075694477686,0.2505801930173248,Decline,2025-12-11 03:12:56.917270,2025-12-11 03:12:56.917483
2024-03-01,55423.40198019802,M03,2024,44X72,yes,SM,MRTSSM44X72USS,Retail: Electronics and Appliance Stores,Electronics & Appliances,Millions of Dollars,Annual (API Limitation),MRTS,0.1470588235294117,52344.324092409246,61666.17788778877,57965.53374587459,0.040990538190289305,0.2455037917427754,0.1413112117066518,3,1,61,1.0,6.123233995736766e-17,1.0,6.123233995736766e-17,0,0,0,1,0,0.5,0.5833333333333334,-0.2672429331438887,-0.1739898057429338,-0.09697503482171262,0.1470588235294117,-0.3176700674046843,-0.021719735194668077,0.24039215686274484,Strong Growth,2025-12-11 03:12:56.917270,2025-12-11 03:12:56.917483
2024-04-01,51160.06336633663,M04,2024,44X72,yes,SM,MRTSSM44X72USS,Retail: Electronics and Appliance Stores,Electronics & Appliances,Millions of Dollars,Annual (API Limitation),MRTS,-0.07692307692307687,51633.76765676568,60181.722442244216,58133.408993399345,0.040990538190289305,0.13430411840724374,0.14131121170665178,4,2,92,0.8660254037844387,-0.49999999999999983,1.2246467991473532e-16,-1.0,0,0,0,0,0,0.16666666666666666,0.20833333333333334,-0.7450813157463432,-0.659606981935835,-0.1118056114234012,-0.07692307692307687,-0.040000000000000036,-0.14828046875339962,-0.22398190045248856,Decline,2025-12-11 03:12:56.917270,2025-12-11 03:12:56.917483
2024-05-01,53291.732673267325,M05,2024,44X72,yes,SM,MRTSSM44X72USS,Retail: Electronics and Appliance Stores,Electronics & Appliances,Millions of Dollars,Annual (API Limitation),MRTS,0.04166666666666674,53291.73267326733,57118.57640264026,58308.27904290429,0.040990538190289305,0.11205573445327056,0.14131121170665178,5,2,122,0.49999999999999994,-0.8660254037844387,1.2246467991473532e-16,-1.0,0,0,0,0,0,0.2916666666666667,0.3958333333333333,-0.5431211623013888,-0.447540340203625,-0.08603488993296629,0.04166666666666674,0.10294117647058809,-0.256435329864079,0.11858974358974361,Stable,2025-12-11 03:12:56.917270,2025-12-11 03:12:56.917483
2024-06-01,56844.514851485146,M06,2024,44X72,yes,SM,MRTSSM44X72USS,Retail: Electronics and Appliance Stores,Electronics & Appliances,Millions of Dollars,Annual (API Limitation),MRTS,0.06666666666666665,53765.436963696375,53054.8805280528,58494.80709570957,0.040990538190289305,0.0767099969026742,0.14131121170665178,6,2,153,1.2246467991473532e-16,-1.0,1.2246467991473532e-16,-1.0,0,0,1,1,0,0.6666666666666666,0.7083333333333334,-0.1798219750350764,-0.07211446569176393,-0.08085111083920613,0.06666666666666665,0.02564102564102555,-0.3001744281073685,0.02499999999999991,Growth,2025-12-11 03:12:56.917270,2025-12-11 03:12:56.917483
2024-07-01,58265.62772277228,M07,2024,44X72,yes,SM,MRTSSM44X72USS,Retail: Electronics and Appliance Stores,Electronics & Appliances,Millions of Dollars,Annual (API Limitation),MRTS,0.025000000000000133,56133.95841584159,53883.863036303635,58685.99834983498,0.040990538190289305,0.020971762320197495,0.14131121170665178,7,3,183,-0.4999999999999998,-0.8660254037844388,-1.0,-1.8369701987210297e-16,0,1,1,0,0,0.75,0.7916666666666666,-0.045973026749874545,0.06792502217674755,-0.04348635118687676,0.025000000000000133,0.13888888888888906,0.09333333333333349,-0.04166666666666652,Stable,2025-12-11 03:12:56.917270,2025-12-11 03:12:56.917483
2024-08-01,60397.297029702975,M08,2024,44X72,yes,SM,MRTSSM44X72USS,Retail: Electronics and Appliance Stores,Electronics & Appliances,Millions of Dollars,Annual (API Limitation),MRTS,0.03658536585365857,58502.4798679868,55897.10627062707,58884.18440594059,0.040990538190289305,0.021506651961959573,0.14131121170665178,8,3,214,-0.8660254037844384,-0.5000000000000004,-1.0,-1.8369701987210297e-16,0,1,1,0,0,0.8333333333333334,0.8333333333333334,0.16529791322195184,0.2864870359294984,-0.006482293026636196,0.03658536585365857,0.13333333333333353,0.25,0.011585365853658436,Stable,2025-12-11 03:12:56.917270,2025-12-11 03:12:56.917483
2024-09-01,58976.18415841585,M09,2024,44X72,yes,SM,MRTSSM44X72USS,Retail: Electronics and Appliance Stores,Electronics & Appliances,Millions of Dollars,Annual (API Limitation),MRTS,-0.02352941176470591,59213.03630363037,56489.236633663364,59077.70726072607,0.040990538190289305,0.031893340465519344,0.14131121170665178,9,3,245,-1.0,-1.8369701987210297e-16,-1.0,-1.8369701987210297e-16,0,0,0,1,0,0.6666666666666666,0.75,-0.01112347510670926,0.10945390458666697,0.002290695580095097,-0.02352941176470591,0.03750000000000009,0.06410256410256432,-0.06011477761836448,Stable,2025-12-11 03:12:56.917270,2025-12-11 03:12:56.917483
2024-10-01,62528.96633663366,M10,2024,44X72,yes,SM,MRTSSM44X72USS,Retail: Electronics and Appliance Stores,Electronics & Appliances,Millions of Dollars,Annual (API Limitation),MRTS,0.06024096385542155,60634.1491749175,58384.053795379536,59282.888118811876,0.040990538190289305,0.04318728523625125,0.14131121170665178,10,4,275,-0.8660254037844386,0.5000000000000001,-2.4492935982947064e-16,1.0,0,0,0,0,0,0.8333333333333334,0.8333333333333334,0.3536530266133907,0.48417036626321247,0.022793441733093184,0.06024096385542155,0.07317073170731692,0.22222222222222232,0.08377037562012746,Growth,2025-12-11 03:12:56.917270,2025-12-11 03:12:56.917483
2024-11-01,74608.42574257425,M11,2024,44X72,yes,SM,MRTSSM44X72USS,Retail: Electronics and Appliance Stores,Electronics & Appliances,Millions of Dollars,Annual (API Limitation),MRTS,0.19318181818181812,65371.19207920792,61936.835973597365,59527.70618811881,0.040990538190289305,0.10928136755298597,0.14131121170665178,11,4,306,-0.5000000000000004,0.8660254037844384,-2.4492935982947064e-16,1.0,1,0,0,0,0,0.9166666666666666,0.9166666666666666,1.5758335197307194,1.7393860021790266,0.09816413675713599,0.19318181818181812,0.23529411764705865,0.3999999999999999,0.13294085432639657,Strong Growth,2025-12-11 03:12:56.917270,2025-12-11 03:12:56.917483
2024-12-01,84556.21584158415,M12,2024,44X72,yes,SM,MRTSSM44X72USS,Retail: Electronics and Appliance Stores,Electronics & Appliances,Millions of Dollars,Annual (API Limitation),MRTS,0.1333333333333333,73897.8693069307,66555.45280528053,59805.166666666664,0.040990538190289305,0.06658028532479575,0.14131121170665178,12,4,336,-2.4492935982947064e-16,1.0,-2.4492935982947064e-16,1.0,1,0,0,1,1,1.0,1.0,2.4080758606638732,2.6112299894006394,0.23564356435643588,0.1333333333333333,0.433734939759036,0.48750000000000004,-0.05984848484848482,Strong Growth,2025-12-11 03:12:56.917270,2025-12-11 03:12:56.917483
2025-01-01,54360.816831683165,M01,2025,44X72,yes,SM,MRTSSM44X72USS,Retail: Electronics and Appliance Stores,Electronics & Appliances,Millions of Dollars,Annual (API Limitation),MRTS,-0.35710442702961054,71175.15280528052,65904.650990099,59894.25701320131,0.020060975779684576,0.30191775635023865,0.1443653905705056,1,1,1,0.49999999999999994,0.8660254037844387,1.0,6.123233995736766e-17,0,0,0,0,0,0.3333333333333333,0.375,-0.5413670131713229,-0.4467123987543457,0.18834686920972712,-0.35710442702961054,-0.13062985018776885,-0.06701740020150815,-0.49043776036294384,Strong Decline,2025-12-11 03:12:56.917270,2025-12-11 03:12:56.917483
2025-02-01,49287.14059405941,M02,2025,44X72,yes,SM,MRTSSM44X72USS,Retail: Electronics and Appliance Stores,Electronics & Appliances,Millions of Dollars,Annual (API Limitation),MRTS,-0.09333333333333316,62734.724422442254,64052.95825082508,59975.03226072608,0.020060975779684576,0.24545269891818558,0.1443653905705056,2,1,32,0.8660254037844386,0.5000000000000001,1.0,6.123233995736766e-17,0,0,0,0,0,0.08333333333333333,0.125,-1.055614058527943,-0.9881607649201293,0.04601401712831295,-0.09333333333333316,-0.3393890823522041,-0.18395121937625225,0.2637710936962774,Decline,2025-12-11 03:12:56.917270,2025-12-11 03:12:56.917483
2025-03-01,56535.249504950494,M03,2025,44X72,yes,SM,MRTSSM44X72USS,Retail: Electronics and Appliance Stores,Electronics & Appliances,Millions of Dollars,Annual (API Limitation),MRTS,0.1470588235294117,53394.40231023103,63646.13580858085,60067.68622112211,0.020060975779684576,0.25217195263189385,0.1443653905705056,3,1,60,1.0,6.123233995736766e-17,1.0,6.123233995736766e-17,0,0,0,1,0,0.4166666666666667,0.5,-0.35028804214572096,-0.2572145185391162,-0.11109607062814572,0.1470588235294117,-0.33138860411079496,-0.04138848059258571,0.24039215686274484,Strong Growth,2025-12-11 03:12:56.917270,2025-12-11 03:12:56.917483
2025-04-01,52186.384158415836,M04,2025,44X72,yes,SM,MRTSSM44X72USS,Retail: Electronics and Appliance Stores,Electronics & Appliances,Millions of Dollars,Annual (API Limitation),MRTS,-0.07692307692307698,52669.59141914192,61922.37211221122,60153.21295379538,0.020060975779684576,0.1343041184072438,0.14436539057050563,4,2,91,0.8660254037844387,-0.49999999999999983,1.2246467991473532e-16,-1.0,0,0,0,0,0,0.16666666666666666,0.20833333333333334,-0.7962043310552169,-0.7299232992506318,-0.12440934020268785,-0.07692307692307698,-0.040000000000000036,-0.16540465618025812,-0.22398190045248867,Decline,2025-12-11 03:12:56.917270,2025-12-11 03:12:56.917483
2025-05-01,54360.816831683165,M05,2025,44X72,yes,SM,MRTSSM44X72USS,Retail: Electronics and Appliance Stores,Electronics & Appliances,Millions of Dollars,Annual (API Limitation),MRTS,0.04166666666666674,54360.816831683165,58547.7706270627,60242.30330033004,0.020060975779684576,0.11205573445327068,0.14436539057050563,5,2,121,0.49999999999999994,-0.8660254037844387,1.2246467991473532e-16,-1.0,0,0,0,0,0,0.2916666666666667,0.3125,-0.5914649385402371,-0.5207313914430538,-0.09763050458621243,0.04166666666666674,0.10294117647058809,-0.27138501730022535,0.11858974358974372,Stable,2025-12-11 03:12:56.917270,2025-12-11 03:12:56.917483
2025-06-01,57984.87128712871,M06,2025,44X72,yes,SM,MRTSSM44X72USS,Retail: Electronics and Appliance Stores,Electronics & Appliances,Millions of Dollars,Annual (API Limitation),MRTS,0.06666666666666665,54844.02409240924,54119.213201320126,60337.33300330033,0.020060975779684576,0.07670999690267433,0.14436539057050563,6,2,152,1.2246467991473532e-16,-1.0,1.2246467991473532e-16,-1.0,0,0,1,1,0,0.5,0.5833333333333334,-0.2372889580578719,-0.15241666282826274,-0.09104328344427509,0.06666666666666665,0.025641025641025772,-0.31424472216491794,0.02499999999999991,Growth,2025-12-11 03:12:56.917270,2025-12-11 03:12:56.917483
2025-07-01,59434.49306930693,M07,2025,44X72,yes,SM,MRTSSM44X72USS,Retail: Electronics and Appliance Stores,Electronics & Appliances,Millions of Dollars,Annual (API Limitation),MRTS,0.025000000000000133,57260.060396039604,54964.82590759076,60434.73844884488,0.020060975779684576,0.020971762320197762,0.14436539057050563,7,3,182,-0.4999999999999998,-0.8660254037844388,-1.0,-1.8369701987210297e-16,0,1,1,0,0,0.6666666666666666,0.7083333333333334,-0.10106107417168778,-0.013446251478192738,-0.052530682423528485,0.025000000000000133,0.13888888888888906,0.09333333333333349,-0.04166666666666652,Stable,2025-12-11 03:12:56.917270,2025-12-11 03:12:56.917483
2025-08-01,61608.92574257426,M08,2025,44X72,yes,SM,MRTSSM44X72USS,Retail: Electronics and Appliance Stores,Electronics & Appliances,Millions of Dollars,Annual (API Limitation),MRTS,0.03658536585365857,59676.09669966998,57018.456765676565,60535.707508250816,0.020060975779684576,0.021506651961959833,0.14436539057050563,8,3,213,-0.8660254037844384,-0.5000000000000004,-1.0,-1.8369701987210297e-16,0,1,1,0,0,0.75,0.7916666666666666,0.1083708910464676,0.2027881920888199,-0.014200062144539654,0.03658536585365857,0.13333333333333353,0.25,0.011585365853658436,Stable,2025-12-11 03:12:56.917270,2025-12-11 03:12:56.917483
2025-09-01,60159.30396039604,M09,2025,44X72,yes,SM,MRTSSM44X72USS,Retail: Electronics and Appliance Stores,Electronics & Appliances,Millions of Dollars,Annual (API Limitation),MRTS,-0.02352941176470591,60400.90759075908,57622.46584158416,60634.300825082515,0.020060975779684576,0.031893340465519504,0.14436539057050563,9,3,244,-1.0,-1.8369701987210297e-16,-1.0,-1.8369701987210297e-16,0,0,0,1,0,0.6666666666666666,0.7083333333333334,-0.04801759390515214,0.03246653972661422,-0.003849194781625753,-0.02352941176470591,0.03750000000000009,0.0641025641025641,-0.06011477761836448,Stable,2025-12-11 03:12:56.917270,2025-12-11 03:12:56.917483
2025-10-01,63783.35841584158,M10,2025,44X72,yes,SM,MRTSSM44X72USS,Retail: Electronics and Appliance Stores,Electronics & Appliances,Millions of Dollars,Annual (API Limitation),MRTS,0.06024096385542155,61850.5293729373,59555.29488448845,60738.83349834984,0.020060975779684576,0.043187285236251365,0.14436539057050563,10,4,274,-0.8660254037844386,0.5000000000000001,-2.4492935982947064e-16,1.0,0,0,0,0,0,0.8333333333333334,0.8333333333333334,0.30689010285083024,0.4023435320696615,0.018302884835904212,0.06024096385542155,0.07317073170731692,0.22222222222222232,0.08377037562012746,Growth,2025-12-11 03:12:56.917270,2025-12-11 03:12:56.917483
2025-11-01,76105.14356435643,M11,2025,44X72,yes,SM,MRTSSM44X72USS,Retail: Electronics and Appliance Stores,Electronics & Appliances,Millions of Dollars,Annual (API Limitation),MRTS,0.19318181818181812,66682.60198019801,63179.349339934,60863.55998349835,0.020060975779684576,0.10928136755298604,0.14436539057050563,11,4,305,-0.5000000000000004,0.8660254037844384,-2.4492935982947064e-16,1.0,1,0,0,0,0,0.9166666666666666,0.9166666666666666,1.5063476090370196,1.6476969741771421,0.09560797952465075,0.19318181818181812,0.23529411764705865,0.40000000000000013,0.13294085432639657,Strong Growth,2025-12-11 03:12:56.917270,2025-12-11 03:12:56.917483
2025-12-01,86252.49603960395,M12,2025,44X72,yes,SM,MRTSSM44X72USS,Retail: Electronics and Appliance Stores,Electronics & Appliances,Millions of Dollars,Annual (API Limitation),MRTS,0.1333333333333333,75380.33267326733,67890.62013201321,61004.916666666664,0.020060975779684576,0.06658028532479589,0.14436539057050563,12,4,335,-2.4492935982947064e-16,1.0,-2.4492935982947064e-16,1.0,1,0,0,1,1,1.0,1.0,2.4080758606638724,2.5409819150749446,0.23564356435643574,0.1333333333333333,0.433734939759036,0.4874999999999998,-0.05984848484848482,Strong Growth,2025-12-11 03:12:56.917270,2025-12-11 03:12:56.917483
